dep_gene,paralog_gene,mean_identical_score,delta_z,direction
MIPEP,NLN,23.9953,1.088636246262067,g1_to_g2
MIPEP,THOP1,23.54475,-1.4375970417210713,g1_to_g2
KPNA6,KPNA3,46.74545,0.2793611333526056,g2_to_g1
RFC3,RFC4,25.59355,-0.04591807088208036,g1_to_g2
RFC4,RFC3,25.59355,-0.7821974831744345,g2_to_g1
RFC3,RFC5,25.58825,0.36493745124087146,g1_to_g2
RFC5,RFC3,25.58825,-0.9173200803919943,g2_to_g1
RFC3,RFC2,24.78895,0.11243157659512047,g1_to_g2
RFC2,RFC3,24.78895,-1.7143603640719565,g2_to_g1
POU5F1B,POU4F1,21.98165,-0.469913899650746,g2_to_g1
PAXBP1,GCFC2,30.5849,-0.470251893402513,g1_to_g2
SS18L2,SS18,29.220805,-0.2609364763500357,g2_to_g1
SLC7A5,SLC7A1,20.4827,1.2059007379324644,g2_to_g1
DIS3,DIS3L,34.37245,-1.2860680209993975,g1_to_g2
DIS3,DIS3L2,27.0636,0.13751140990456856,g1_to_g2
TXN,TXNL1,31.81085,-2.0286723354985132,g2_to_g1
PC,PCCA,30.5597,0.1424343652356792,g2_to_g1
TUBGCP3,TUBGCP2,25.09695,0.02137404799444276,g1_to_g2
TUBGCP2,TUBGCP3,25.09695,-0.731416334825303,g2_to_g1
GABPA,ETS2,27.52625,-0.6069746336070906,g2_to_g1
SLC39A10,SLC39A6,33.36795,0.23903138372073068,g2_to_g1
XRN2,XRN1,26.20505,0.0322365310340009,g1_to_g2
XRN1,XRN2,26.20505,1.2854701535468664,g2_to_g1
SUMO2,SUMO3,91.0577,2.03450525601591,g2_to_g1
ABHD17A,ABHD13,20.43745,-0.4642789165463743,g2_to_g1
RRP1,RRP1B,36.97765,0.12481146008246191,g2_to_g1
DHX37,DHX35,29.15645,0.11661221727797197,g2_to_g1
DHX33,DHX35,40.8514,0.04898855358430552,g2_to_g1
DHX8,DHX35,35.65015,0.7408274029202144,g2_to_g1
DHX9,DHX35,21.6568,-2.3692450310283024,g2_to_g1
DHX15,DHX35,40.47305,-0.46643839135697673,g2_to_g1
DHX16,DHX35,37.05705,-0.3206182505183537,g2_to_g1
DHX36,DHX35,23.3003,-0.11870775476029707,g2_to_g1
CLK2,DYRK1A,21.81325,-0.4637730076172525,g2_to_g1
NAA15,NAA16,70.52035,0.6223861523263088,g2_to_g1
HNRNPC,RALY,45.09635,1.1662431460284037,g2_to_g1
PIAS4,PIAS2,42.85305,0.2078290481372403,g2_to_g1
PSMA7,PSMA1,31.7299,1.3650271987217828,g1_to_g2
PSMA1,PSMA7,31.7299,1.497325908990765,g2_to_g1
PSMA7,PSMA2,36.54535,-0.1543604828280593,g1_to_g2
PSMA2,PSMA7,36.54535,1.7784656403979304,g2_to_g1
PSMA7,PSMA3,34.20145,0.34365119541559475,g1_to_g2
PSMA3,PSMA7,34.20145,1.788047206254864,g2_to_g1
PSMA7,PSMA4,34.99335,0.48461576259840244,g1_to_g2
PSMA4,PSMA7,34.99335,2.0591492770632747,g2_to_g1
PSMA7,PSMA5,35.5901,1.1828395247997698,g1_to_g2
PSMA5,PSMA7,35.5901,3.0804691432436946,g2_to_g1
PSMA7,PSMA6,34.00865,0.45475980504245045,g1_to_g2
PSMA6,PSMA7,34.00865,2.0987167476138118,g2_to_g1
U2AF1,U2AF1L4,69.2944,0.4539915830358316,g1_to_g2
U2AF1,ZRSR2,32.45505,0.6004772819770893,g1_to_g2
SS18L2,SS18L1,34.9026,0.6147957204653104,g2_to_g1
GABPA,FEV,23.05555,-0.006815084482654249,g1_to_g2
HSPA5,HSPA13,30.86105,3.1612556001733254,g2_to_g1
HSPA9,HSPA13,27.8682,3.1055870077203225,g2_to_g1
HSPA14,HSPA13,23.70915,-0.6651978471685935,g2_to_g1
HSPA8,HSPA13,32.67305,-0.51203238753572,g2_to_g1
NUBP1,NUBPL,36.6198,0.07143344459499856,g2_to_g1
NUBP2,NUBPL,32.418,0.09538307701613447,g2_to_g1
HMGN2,HMGN1,52.7778,-0.10117437870566384,g2_to_g1
SETDB1,SETDB2,22.2125,1.4292122568922339,g2_to_g1
PRELID3B,PRELID2,23.7696,0.24369448142707212,g1_to_g2
PRELID3B,PRELID1,26.2463,-1.7786340928773199,g1_to_g2
PRELID1,PRELID3B,26.2463,-1.4932734164998893,g2_to_g1
EXOSC8,EXOSC7,27.17955,-0.5822143603144043,g1_to_g2
EXOSC7,EXOSC8,27.17955,-0.017056804414146462,g2_to_g1
EXOSC8,EXOSC9,22.71925,-0.8312759632287428,g1_to_g2
EXOSC9,EXOSC8,22.71925,0.42656171668017573,g2_to_g1
SRSF6,SRSF4,58.92865,0.14041836999373836,g1_to_g2
SRSF6,SRSF5,54.6426,-0.4860009500124586,g1_to_g2
SRSF6,SRSF7,35.5433,-0.04250412218170152,g1_to_g2
SRSF7,SRSF6,35.5433,2.480309195654176,g2_to_g1
SRSF6,SRSF3,30.1652,0.010956471375779264,g1_to_g2
SRSF3,SRSF6,30.1652,-1.2348527239396347,g2_to_g1
SRSF6,SRSF1,37.47185,-0.21318778619939172,g1_to_g2
SRSF1,SRSF6,37.47185,0.8210064841673599,g2_to_g1
SRSF6,SRSF9,30.84225,-0.9622968749202993,g1_to_g2
MYBL2,MYB,36.8884,-2.143806001389348,g1_to_g2
KLF7,KLF6,53.38965,-0.05006156933980935,g2_to_g1
OSBP,OSBPL2,28.4073,-0.7568153685232232,g2_to_g1
DCUN1D5,DCUN1D2,28.28145,0.7144405697685999,g2_to_g1
TFDP1,TFDP2,60.38715,0.6323172437799283,g1_to_g2
EGLN2,EGLN3,45.49155,0.15459169978873993,g2_to_g1
SFPQ,PSPC1,48.0675,3.410425360767393,g2_to_g1
ISCA2,ISCA1,26.3541,0.34568881781220673,g1_to_g2
ALG11,ALG2,21.7382,-0.18974277050204474,g1_to_g2
ALG2,ALG11,21.7382,-0.07997397288953492,g2_to_g1
SRSF7,SRSF5,32.69435,2.1886863759419786,g2_to_g1
SRSF3,SRSF5,32.74305,0.5916932872197497,g2_to_g1
SRSF1,SRSF5,41.62715,-0.7215273925402296,g2_to_g1
SNRPD3,SNRPD1,33.49675,0.07720816324661495,g1_to_g2
SNRPD1,SNRPD3,33.49675,0.2239427493517757,g2_to_g1
SNRPD3,LSM4,28.7484,-2.253885587933687,g1_to_g2
LSM4,SNRPD3,28.7484,-0.5606162770087361,g2_to_g1
NAPG,NAPB,24.27505,-2.8155965154062437,g1_to_g2
SNRPD1,LSM4,31.1952,-2.1428078024417436,g1_to_g2
LSM4,SNRPD1,31.1952,0.8688193280548883,g2_to_g1
MSRB1,MSRB2,28.2304,0.03464599436260077,g2_to_g1
UBE2I,UBE2G2,29.7353,-2.6664140723013414,g2_to_g1
UBE2H,UBE2G2,20.74515,0.4115976192689407,g2_to_g1
UBE2N,UBE2G2,29.70295,0.3317642905450332,g2_to_g1
BCL2L1,BCL2L2,45.4713,0.5054647798731137,g1_to_g2
BCL2L1,BAK1,20.32015,0.40220613286343465,g1_to_g2
MOK,MAPK1,25.0474,0.33603125433768616,g2_to_g1
UPF3A,UPF3B,44.42365,0.7938028641991368,g1_to_g2
UBE2L3,UBE2D1,40.5535,0.6695275279787292,g2_to_g1
UBE2D3,UBE2D1,87.7551,0.11225108533174893,g2_to_g1
PPP2R1A,PPP4R1,21.5908,-0.37625127444628503,g2_to_g1
RCL1,RTCA,27.33665,1.3036388410682525,g1_to_g2
HSPA5,HSPH1,26.54135,-1.519199321722001,g2_to_g1
HSPA9,HSPH1,22.689,-4.385722110723465,g2_to_g1
HSPA14,HSPH1,21.75445,-0.11280922100445634,g2_to_g1
HYOU1,HSPH1,25.4564,0.08587544157603377,g2_to_g1
HSPA8,HSPH1,28.89865,1.3951312799701987,g2_to_g1
MOK,MAPK8,22.4606,-0.3559819453592421,g1_to_g2
MOK,MAPK3,24.12075,-0.7446411935294286,g1_to_g2
MOK,MAPK12,25.046,0.5503007642104538,g1_to_g2
MOK,MAPK14,22.98165,-0.5637403497335698,g1_to_g2
MOK,MAPK9,23.0139,0.05376523633171386,g1_to_g2
HDAC3,HDAC8,37.1678,-3.4064749459983834,g2_to_g1
KIF4A,KIF5B,21.6463,0.14111277407009598,g2_to_g1
KIF11,KIF5B,21.93855,0.13173149285812374,g2_to_g1
PSMC1,PSMC4,46.6507,4.189078654784179,g1_to_g2
PSMC4,PSMC1,46.6507,3.6688628168968878,g2_to_g1
PSMC1,PSMC2,40.55245,2.2261409422087937,g1_to_g2
PSMC2,PSMC1,40.55245,3.8912513228325567,g2_to_g1
PSMC1,PSMC3,42.77595,2.990198504453132,g1_to_g2
PSMC3,PSMC1,42.77595,3.0930547686485967,g2_to_g1
PSMC1,PSMC6,40.68475,1.822432946259959,g1_to_g2
PSMC6,PSMC1,40.68475,2.477614876833411,g2_to_g1
PSMC1,PSMC5,44.04275,2.3698310442439734,g1_to_g2
PSMC5,PSMC1,44.04275,3.430920359697791,g2_to_g1
E2F6,E2F1,29.5276,0.39578707869925084,g2_to_g1
CHMP4B,CHMP4C,64.35755,-1.9785457275105094,g1_to_g2
CHMP4B,CHMP4A,62.78155,0.1950267046613089,g1_to_g2
CHMP4B,CHMP7,20.68255,-0.9166470472236301,g1_to_g2
CHMP7,CHMP4B,20.68255,-0.28692556909123146,g2_to_g1
CHMP4B,CHMP5,30.70365,-0.6016081546555025,g1_to_g2
CHMP5,CHMP4B,30.70365,-0.2817047386507102,g2_to_g1
NMT1,NMT2,74.6482,-0.07065551267475437,g2_to_g1
CBX1,CBX6,21.5396,-0.821040559924259,g2_to_g1
CCAR1,CCAR2,32.029,-0.48751196978665,g1_to_g2
CUL3,CUL4A,39.949,1.0427116264648941,g2_to_g1
CUL2,CUL4A,28.3269,-0.02307083112520908,g2_to_g1
CUL1,CUL4A,31.01355,-0.4213530014209244,g2_to_g1
TOP1,TOP1MT,59.71875,1.4222063989711737,g1_to_g2
CCNK,CCNT2,20.2657,0.6132408732531267,g1_to_g2
NFS1,SCLY,31.7129,-0.8550241861323914,g1_to_g2
CTBP2,GRHPR,22.77265,-0.25629703208394006,g2_to_g1
DHX15,DHX30,20.84905,-0.6866143004063072,g1_to_g2
DHX15,DHX40,34.81935,1.0964637191265547,g1_to_g2
DHX15,DHX37,27.48205,-0.054734957190828576,g1_to_g2
DHX37,DHX15,27.48205,-0.5876555206305389,g2_to_g1
DHX15,DHX33,36.47675,-1.666910168005649,g1_to_g2
DHX33,DHX15,36.47675,-0.04764754195278936,g2_to_g1
DHX15,DHX57,24.34615,0.6956919731674801,g1_to_g2
DHX15,DHX8,39.2654,0.9901179968712663,g1_to_g2
DHX8,DHX15,39.2654,-0.887406712961853,g2_to_g1
DHX15,DHX34,26.9793,0.24903862467121093,g1_to_g2
DHX15,DHX9,20.14585,-2.65931962951676,g1_to_g2
DHX9,DHX15,20.14585,0.36006390433245844,g2_to_g1
DHX15,DHX29,23.85985,0.5727492949130748,g1_to_g2
DHX15,DHX16,41.2637,0.7423529609388441,g1_to_g2
DHX16,DHX15,41.2637,1.0758590040677185,g2_to_g1
DHX15,YTHDC2,22.2138,-2.276781060382587,g1_to_g2
DHX15,DHX32,33.58845,0.07411246987726164,g1_to_g2
DHX15,DHX38,34.3058,0.8641728345612321,g1_to_g2
DHX15,DHX36,24.7492,0.7167527917174434,g1_to_g2
DHX36,DHX15,24.7492,-0.15466784555977636,g2_to_g1
SOD1,CCS,37.5296,1.329004320042601,g1_to_g2
TFAM,HMGB1,21.7905,0.8408816967484191,g1_to_g2
HMGB1,TFAM,21.7905,0.01808781689460126,g2_to_g1
TFAM,HMGB2,20.3544,-0.17953869458416116,g1_to_g2
TFAM,HMGB3,21.30285,0.16133006906495728,g1_to_g2
RBM39,RBM23,57.47285,-0.10019016875073725,g1_to_g2
KAT5,KAT6B,23.601705,0.7308831985502123,g2_to_g1
KAT8,KAT6B,25.32508,-0.4234499160738111,g2_to_g1
CPNE7,CPNE1,50.4295,-2.276753602066684,g2_to_g1
OSBP,OSBPL3,27.57035,0.2195197971283518,g2_to_g1
OXA1L,COX18,20.64215,-0.6004922300344333,g1_to_g2
UXS1,TGDS,22.40335,-1.2979475844065647,g2_to_g1
CSE1L,IPO8,21.3378,-1.8557244356584932,g1_to_g2
CSE1L,IPO7,21.12855,0.25739950424384905,g1_to_g2
IPO7,CSE1L,21.12855,0.8020708486384396,g2_to_g1
NDOR1,MTRR,27.5032,1.4939215611025622,g2_to_g1
ILF3,ZFR,20.2424,0.38896598916398273,g2_to_g1
PSMB5,PSMB6,27.95235,1.1529642673222127,g1_to_g2
PSMB6,PSMB5,27.95235,1.3251701932520086,g2_to_g1
PSMB5,PSMA2,20.18945,0.4714821256833886,g1_to_g2
PSMA2,PSMB5,20.18945,1.5482730310529882,g2_to_g1
PSMB5,PSMB10,22.7691,-0.15738881892874973,g1_to_g2
PSMB5,PSMB7,22.2372,3.2134032159073946,g1_to_g2
PSMB7,PSMB5,22.2372,0.9690473716825657,g2_to_g1
PSMB5,PSMB1,21.86705,1.4576810273264935,g1_to_g2
PSMB1,PSMB5,21.86705,0.37293726616803935,g2_to_g1
TXNL4A,TXNL4B,35.7595,0.9442594080838725,g1_to_g2
TXNL4B,TXNL4A,35.7595,0.08422566050398717,g2_to_g1
LONP1,LONP2,32.58195,0.6809802426179068,g2_to_g1
CRKL,CRK,61.28515,-0.8662370105889208,g2_to_g1
WBP1L,WBP1,31.7142,0.6355722132865169,g1_to_g2
WBP1,WBP1L,31.7142,-0.5069155549938116,g2_to_g1
CCT6A,CCT8,25.4002,-0.6977286540364864,g1_to_g2
CCT8,CCT6A,25.4002,-0.7540554817372916,g2_to_g1
CCT6A,CCT3,26.3985,0.25761037654913066,g1_to_g2
CCT3,CCT6A,26.3985,-0.22514062780681832,g2_to_g1
CCT6A,CCT5,30.2265,0.3292901202130618,g1_to_g2
CCT5,CCT6A,30.2265,0.012743446642720868,g2_to_g1
CCT6A,TCP1,27.42945,-0.0852740969286736,g1_to_g2
TCP1,CCT6A,27.42945,-1.6006295349055883,g2_to_g1
CCT6A,CCT2,25.89155,1.0430292178670568,g1_to_g2
CCT2,CCT6A,25.89155,-0.9263557459766029,g2_to_g1
CCT6A,HSPD1,20.86355,-0.8580275025355433,g1_to_g2
HSPD1,CCT6A,20.86355,0.36485389214214103,g2_to_g1
CCT6A,CCT4,27.6651,0.9478629416670787,g1_to_g2
CCT4,CCT6A,27.6651,-0.35237706858459694,g2_to_g1
CCT6A,CCT7,27.56395,-0.6119478525585332,g1_to_g2
CCT7,CCT6A,27.56395,0.18245229464229362,g2_to_g1
KLF7,KLF3,26.0812,0.589310252919383,g2_to_g1
PIK3C3,PIK3CG,21.1623,0.8900776993944695,g1_to_g2
PIK3C3,PIK3CB,22.991,0.219036292282057,g1_to_g2
PIK3C3,PIK3CD,22.2079,0.3783466977221088,g1_to_g2
PIK3C3,PIK3CA,21.35955,0.9130934343903984,g1_to_g2
DLD,TXNRD2,28.4668,0.8096479095108465,g2_to_g1
ING3,ING1,26.2969,-0.29846596193324704,g2_to_g1
AURKA,AURKB,56.57785,0.5343791124786874,g1_to_g2
AURKB,AURKA,56.57785,-1.2044509912439443,g2_to_g1
CCT8,CCT3,27.08165,-0.11173043065034749,g1_to_g2
CCT3,CCT8,27.08165,-1.199309160599673,g2_to_g1
CCT8,CCT5,28.83495,0.2296331211018863,g1_to_g2
CCT5,CCT8,28.83495,-0.8962161444520595,g2_to_g1
CCT8,TCP1,28.0812,-0.04981934686763845,g1_to_g2
TCP1,CCT8,28.0812,-1.2680399321412685,g2_to_g1
CCT8,CCT2,25.67315,0.27993103757301996,g1_to_g2
CCT2,CCT8,25.67315,-1.317253520379031,g2_to_g1
CCT8,CCT4,26.86475,1.1862003392424572,g1_to_g2
CCT4,CCT8,26.86475,-0.7718970083093288,g2_to_g1
CCT8,CCT7,25.8484,0.05776726882990213,g1_to_g2
CCT7,CCT8,25.8484,-0.8419240318631771,g2_to_g1
SLC9B1,SLC9B2,53.82585,-3.5468771825501815,g2_to_g1
EIF2B2,EIF2B1,23.5916,-2.304873249860942,g1_to_g2
EIF2B1,EIF2B2,23.5916,-0.8815687628390284,g2_to_g1
EIF2B2,EIF2B4,22.61495,-0.4630146791577476,g1_to_g2
EIF2B4,EIF2B2,22.61495,-0.26393108385820113,g2_to_g1
NANOG,DLX4,20.10245,0.0010299332986731247,g1_to_g2
RPS27A,UBL4A,21.7255,-0.03284445595543045,g2_to_g1
UBA52,UBL4A,23.40015,0.48736685323913437,g2_to_g1
NEDD8,UBL4A,21.5224,0.8499569873829638,g2_to_g1
BCAR1,CASS4,23.12715,0.19647333260471805,g2_to_g1
CNIH4,CNIH1,36.05365,-2.721544504473242,g2_to_g1
HMGB1,HMGB2,78.78935,0.05279990155121671,g1_to_g2
HMGB1,HMGB3,72.8663,0.1654062966106955,g1_to_g2
MOCS3,UBA5,24.64055,-0.23549639387483443,g1_to_g2
UBA5,MOCS3,24.64055,-0.32320564399994567,g2_to_g1
NAA20,NAA10,28.1389,0.1636013077046517,g1_to_g2
NAA10,NAA20,28.1389,-0.6018110205538981,g2_to_g1
AFG3L2,SPG7,39.5729,-0.4418097727380932,g1_to_g2
AFG3L2,YME1L1,31.28595,2.339526160238132,g1_to_g2
CRNKL1,XAB2,21.3953,-0.25943787208568186,g1_to_g2
XAB2,CRNKL1,21.3953,0.0268871313935026,g2_to_g1
PRMT1,PRMT2,27.7771,-0.4565011143674775,g2_to_g1
GTF3A,ZNF324,23.8772,1.2975370015761039,g1_to_g2
CPNE7,CPNE8,49.02105,0.3441147773671861,g2_to_g1
TSSK3,MELK,25.5471,0.3233785257085201,g2_to_g1
MCM5,MCM6,27.3525,0.22140222565279505,g1_to_g2
MCM6,MCM5,27.3525,0.1666110994618967,g2_to_g1
MCM5,MCM2,28.2654,0.35778105076094835,g1_to_g2
MCM2,MCM5,28.2654,0.4397969039481714,g2_to_g1
MCM5,MCM3,29.77025,0.8892057543159078,g1_to_g2
MCM3,MCM5,29.77025,0.7288377078574731,g2_to_g1
MCM5,MCM7,28.35815,0.10677304964751827,g1_to_g2
MCM7,MCM5,28.35815,0.36950240455089356,g2_to_g1
MCM5,MCM8,25.4011,-0.20040211926530532,g1_to_g2
MCM5,MCM4,27.85865,-0.1591704632916569,g1_to_g2
MCM4,MCM5,27.85865,1.7437983544868068,g2_to_g1
MCM5,MCM9,20.69495,-1.1606837141759043,g1_to_g2
COPS4,PSMD12,20.48655,0.11355226250459363,g1_to_g2
PSMD12,COPS4,20.48655,0.4997823311554251,g2_to_g1
THAP1,THAP2,31.3288,-1.7186162572251547,g2_to_g1
PPP1R12A,PPP1R12B,49.13335,0.38501119858012833,g1_to_g2
PPP1R12A,PPP1R12C,39.3688,-0.384463165916605,g1_to_g2
PEX1,VCP,23.5344,-1.1183595617105244,g1_to_g2
VCP,PEX1,23.5344,0.48028287563874567,g2_to_g1
PEX1,NVL,22.30055,1.1439506182224926,g1_to_g2
NVL,PEX1,22.30055,-0.0042226687778607695,g2_to_g1
PEX1,PEX6,20.87805,0.25545518265699607,g1_to_g2
ARID3A,ARID3B,40.62305,-0.3456887743786114,g1_to_g2
SBNO1,SBNO2,47.19555,0.4926798578496988,g2_to_g1
BUB3,RAE1,33.1555,0.41428128216381466,g1_to_g2
RAE1,BUB3,33.1555,0.5061368200449495,g2_to_g1
MTG2,GTPBP10,34.3198,-0.21907624566431988,g1_to_g2
PPA2,PPA1,58.08795,0.18146838061511517,g1_to_g2
PPA1,PPA2,58.08795,-0.20837026938727687,g2_to_g1
CNN2,TAGLN2,35.93695,0.232689457116734,g1_to_g2
CNN2,CNN1,60.7499,0.12026739353848057,g1_to_g2
KIF14,KIF13A,20.37225,-0.3561400285059022,g2_to_g1
UBA1,UBA6,40.9482,1.021122171904533,g2_to_g1
WNK1,WNK4,30.73045,-0.520388408102642,g2_to_g1
PPIL2,PPIL3,33.35045,0.37686642783121505,g1_to_g2
PPIL2,PPIL1,31.7887,0.06699109390172936,g1_to_g2
PPIL1,PPIL2,31.7887,0.7936054266852524,g2_to_g1
PPIL2,PPIC,22.5762,-1.4715508058487754,g1_to_g2
PPIL2,PPIF,24.6521,-0.3204027054951005,g1_to_g2
PPIL2,PPWD1,23.7768,0.6501376215547938,g1_to_g2
PPWD1,PPIL2,23.7768,-1.3666461907463883,g2_to_g1
PPIL2,PPIB,22.2792,-1.277737104855136,g1_to_g2
PPIL2,PPIH,26.8834,-0.838246222109098,g1_to_g2
PPIH,PPIL2,26.8834,-1.6260795794564102,g2_to_g1
PPIL2,PPIA,29.9388,-0.21594289792787047,g1_to_g2
PPIA,PPIL2,29.9388,-0.6941232882576798,g2_to_g1
LUC7L3,LUC7L,34.3201,-5.158220658112967,g1_to_g2
LUC7L3,LUC7L2,35.7639,-2.329605830237355,g1_to_g2
YPEL1,YPEL3,77.55715,0.5998765113758171,g1_to_g2
YPEL1,YPEL5,30.0021,-0.4936860326438322,g1_to_g2
TOR2A,TOR3A,32.1147,-0.18936559676252512,g1_to_g2
TOR2A,TOR1A,40.7466,0.9032571848199933,g1_to_g2
TOR2A,TOR1B,42.3356,-0.044667368712023314,g1_to_g2
FTSJ3,FTSJ1,26.58695,-0.18189518383721215,g2_to_g1
CPSF6,CPSF7,49.3444,0.5801468447786371,g1_to_g2
XRCC3,RAD51,21.9001,1.4152319490772869,g1_to_g2
RAD51,XRCC3,21.9001,-0.31552424929062023,g2_to_g1
XRCC3,RAD51C,25.25135,0.04636731719888679,g1_to_g2
RAD51C,XRCC3,25.25135,-0.8398758610240569,g2_to_g1
XRCC3,RAD51D,21.3802,0.37529933560263673,g1_to_g2
RAD51D,XRCC3,21.3802,0.47898079552730427,g2_to_g1
RIOK1,RIOK3,30.0519,1.1913958677441019,g1_to_g2
OSBP,OSBPL6,25.639,0.7641002432605543,g1_to_g2
POLR2C,POLR1C,30.02205,0.03140277661801821,g1_to_g2
POLR1C,POLR2C,30.02205,-0.10754890492027883,g2_to_g1
ELOVL1,ELOVL5,33.60425,0.31691642601145514,g2_to_g1
PKMYT1,WEE1,23.62075,-0.5453820738091278,g1_to_g2
WEE1,PKMYT1,23.62075,-0.5268502814883212,g2_to_g1
CBX1,CBX8,20.73785,1.0640198460090136,g2_to_g1
USP19,USP15,23.16745,0.17984072536170276,g2_to_g1
USP8,USP15,22.10465,0.031175602673886138,g2_to_g1
NUTF2,NXT1,23.27615,-0.47104698909156095,g2_to_g1
AP2S1,AP1S1,43.4569,0.4683284000579029,g2_to_g1
NAPA,NAPB,83.30735,-1.3684268538843318,g2_to_g1
POU5F1B,POU3F2,31.5178,1.5190396742604741,g2_to_g1
HCFC1,HCFC2,37.27305,-0.5659039119993328,g1_to_g2
EEF1G,CLIC4,23.0913,1.2762942048592851,g1_to_g2
EEF1G,CLIC1,20.92255,0.5546787442680056,g1_to_g2
TIMM8A,TIMM8B,41.3613,0.11456838131395228,g1_to_g2
RPL36A,RPL36AL,99.0566,-0.3048254463719119,g1_to_g2
RPL36AL,RPL36A,99.0566,0.719423616879594,g2_to_g1
GRSF1,HNRNPH2,32.1133,0.6424256166327882,g2_to_g1
HNRNPH1,HNRNPH2,96.2138,0.20799716318735356,g2_to_g1
HSP90B1,TRAP1,29.5902,0.15912829448870563,g2_to_g1
CCNL1,CCNQ,21.6569,0.30546734309029006,g2_to_g1
RABGGTB,PGGT1B,27.801,-0.273661692476182,g2_to_g1
FNTB,PGGT1B,24.21015,-0.7368284955977488,g2_to_g1
LTBP3,LTBP1,35.06145,-0.4987464601071466,g2_to_g1
HSPA14,HSPA5,29.87105,-0.02771114984339257,g1_to_g2
HSPA5,HSPA14,29.87105,-0.08889773556825901,g2_to_g1
HSPA14,HSPA4L,22.5692,-0.6726698447189747,g1_to_g2
HSPA14,HSPA9,25.9523,-0.06264612502461181,g1_to_g2
HSPA9,HSPA14,25.9523,-1.412806243392203,g2_to_g1
HSPA14,HSPA1B,31.7223,0.1264010213428698,g1_to_g2
HSPA14,HSPA1A,31.7223,-0.4857928668934619,g1_to_g2
HSPA14,HYOU1,20.90775,-0.14813126641787042,g1_to_g2
HYOU1,HSPA14,20.90775,-0.1752886779033878,g2_to_g1
HSPA14,HSPA4,23.1901,-0.3491588410848769,g1_to_g2
HSPA14,HSPA8,32.4918,-0.10344392649931922,g1_to_g2
HSPA8,HSPA14,32.4918,-1.588715404959891,g2_to_g1
TMED2,TMED7,33.5099,1.1691549317825825,g2_to_g1
RNF20,RNF40,58.3097,-0.07042590515910213,g1_to_g2
RNF40,RNF20,58.3097,0.1911675521480176,g2_to_g1
PSME1,PSME2,49.201,-0.7508920946995805,g1_to_g2
PSME2,PSME1,49.201,-0.7068675192192607,g2_to_g1
PSME1,PSME3,41.75365,-0.5312669846451405,g1_to_g2
CEP85,CEP85L,33.10405,-0.5657326113005434,g2_to_g1
TSPYL5,TSPYL4,41.6371,0.6836684447362882,g2_to_g1
SET,TSPYL4,25.3074,1.0304560166433316,g2_to_g1
PSME2,PSME3,34.9208,0.5489050921761867,g1_to_g2
MAD2L1,MAD2L2,24.5243,0.8262855330772629,g1_to_g2
MAD2L2,MAD2L1,24.5243,0.025697661546665584,g2_to_g1
ADSL,ASL,22.3728,-0.2584060952152818,g1_to_g2
ATP6V1B2,ATP5F1A,23.9094,0.12868193559211874,g2_to_g1
PPP1CB,PPP3CA,33.59805,0.04032814037695598,g2_to_g1
PPP4C,PPP3CA,31.83675,0.29768248182430934,g2_to_g1
PPP2CA,PPP3CA,33.7694,-0.13508320319756795,g2_to_g1
PPP6C,PPP3CA,30.14885,-0.7903958605538302,g2_to_g1
PPP1CA,PPP3CA,33.65785,-0.03684400207653571,g2_to_g1
SMN2,SMNDC1,21.2885,1.4014348689490213,g2_to_g1
SMNDC1,SMN1,21.2885,0.2399016656835965,g1_to_g2
MTPAP,TUT1,22.32655,1.3344456912018359,g1_to_g2
TUT1,MTPAP,22.32655,0.7821569393021525,g2_to_g1
BCR,ABR,56.18665,-0.04034003883241377,g1_to_g2
SLC7A5,SLC7A11,44.64445,0.7348222125264487,g2_to_g1
DNAJA3,DNAJA1,27.61335,-1.7370735836651074,g1_to_g2
DNAJA1,DNAJA3,27.61335,0.6177221593882786,g2_to_g1
DNAJA3,DNAJA2,27.0631,0.32535686151662824,g1_to_g2
SENP6,SENP7,24.81225,0.16057491482773778,g1_to_g2
SPTLC1,GCAT,21.8289,-0.10044152643360676,g2_to_g1
UBQLN4,UBQLN2,56.18305,0.5579643964664925,g2_to_g1
CHMP5,CHMP4A,29.93335,0.8722397848886839,g2_to_g1
UBE2N,UBE2J1,25.28135,0.329926706510094,g2_to_g1
NEDD8,UBB,36.7675,1.952579894350893,g1_to_g2
NEDD8,RPS27A,42.2009,-0.02549215848557651,g1_to_g2
RPS27A,NEDD8,42.2009,1.4262439168887127,g2_to_g1
NEDD8,UBA52,45.3559,0.8231603395441598,g1_to_g2
UBA52,NEDD8,45.3559,0.3577064730124463,g2_to_g1
NEDD8,UBC,30.37218,-0.9783672369961037,g1_to_g2
UBC,NEDD8,30.37218,0.05685363410878072,g2_to_g1
LTB4R2,LTB4R,41.1297,-2.835876461000509,g1_to_g2
FAM229A,FAM229B,31.5797,0.18802631132031253,g2_to_g1
KCTD10,TNFAIP1,70.9078,1.735945398235745,g2_to_g1
AP2S1,AP1S2,44.52905,0.19276182288133087,g2_to_g1
TIMM23B,TIMM23,85.3774,-8.207154566133736,g2_to_g1
KAT8,KAT5,35.13045,0.4476563520003281,g1_to_g2
KAT5,KAT8,35.13045,0.13129472243385987,g2_to_g1
KAT8,KAT7,35.9086,-0.3840583786453812,g1_to_g2
KAT8,KAT6A,26.68997,-0.1029572200645274,g1_to_g2
ZNF100,ZNF430,56.69065,-1.1621830768609813,g2_to_g1
ZNF253,ZNF430,59.19475,-0.21626320553072,g2_to_g1
UBE2I,UBE2V1,24.2939,-3.628064472837066,g2_to_g1
UBE2N,UBE2V1,29.4397,0.36429602964439456,g2_to_g1
SEH1L,SEC13,29.8708,-2.624165384790971,g1_to_g2
SEC13,SEH1L,29.8708,-0.5688165946000623,g2_to_g1
HBS1L,TUFM,23.0567,-2.449088755930953,g1_to_g2
HBS1L,EEF1A1,29.7372,1.8563296728502583,g1_to_g2
EEF1A1,HBS1L,29.7372,1.056326022516902,g2_to_g1
HBS1L,GSPT1,33.3503,-1.0276224666788807,g1_to_g2
GSPT1,HBS1L,33.3503,0.10262034661691943,g2_to_g1
ZNF100,ZNF675,42.9064,-0.8914540101124674,g2_to_g1
ZNF253,ZNF675,61.9272,0.537838251488027,g2_to_g1
KIF11,KIF3A,24.17355,-0.06287974478044642,g1_to_g2
KIF11,KIF3B,23.3137,0.20680694206224737,g1_to_g2
YBX1,LIN28B,29.40865,-0.668037729500152,g2_to_g1
HNRNPL,HNRNPLL,52.0793,-0.5776244203705306,g2_to_g1
PTBP1,HNRNPLL,27.66665,-0.45130918427891686,g2_to_g1
KDM2A,KDM2B,48.9967,0.19636362842754074,g1_to_g2
KDM2A,PHF8,21.03535,-0.8997630026242739,g1_to_g2
HSF1,HSF2,36.4335,0.6822127522315954,g2_to_g1
ZNF100,ZNF431,56.7609,0.747450675226859,g2_to_g1
ZNF253,ZNF431,60.40295,0.3031364487187185,g2_to_g1
MT2A,MT1G,94.3152,-1.454621031011002,g1_to_g2
MT2A,MT1X,90.1639,-0.9300391041340494,g1_to_g2
MT2A,MT1F,91.8033,-2.8700357176419007,g1_to_g2
SMC1A,SMC4,21.8271,0.08029895819458735,g1_to_g2
SMC4,SMC1A,21.8271,-0.5440323070511905,g2_to_g1
PDCD2,PDCD2L,26.5063,-2.1190598225124915,g2_to_g1
HDAC3,HDAC2,55.4782,-0.9733505080044996,g2_to_g1
UQCRC2,PMPCB,24.8771,-0.7793124257116963,g1_to_g2
PMPCB,UQCRC2,24.8771,-0.6299278170656447,g2_to_g1
UQCRC2,PMPCA,25.08485,-0.43330660829568335,g1_to_g2
PMPCA,UQCRC2,25.08485,0.1790560900378938,g2_to_g1
UQCRC2,UQCRC1,20.3815,-0.7799053154373115,g1_to_g2
UQCRC1,UQCRC2,20.3815,0.3504348813701387,g2_to_g1
CCT2,CCT3,28.52095,-0.4040944528501105,g1_to_g2
CCT3,CCT2,28.52095,1.268330125955741,g2_to_g1
CCT2,CCT5,32.71475,0.28978690346959257,g1_to_g2
CCT5,CCT2,32.71475,1.370836763528983,g2_to_g1
CCT2,TCP1,33.55965,-0.8759634461031731,g1_to_g2
TCP1,CCT2,33.55965,0.2296215285340948,g2_to_g1
CCT2,HSPD1,20.78255,-1.3846003856646631,g1_to_g2
HSPD1,CCT2,20.78255,0.8656935979406042,g2_to_g1
CCT2,CCT4,29.79555,0.8758530205931652,g1_to_g2
CCT4,CCT2,29.79555,0.6988616277257604,g2_to_g1
CCT2,CCT7,33.0259,-1.5565479131406943,g1_to_g2
CCT7,CCT2,33.0259,1.2395788718740148,g2_to_g1
PSMA3,PSMA1,25.1025,1.5522364472645684,g1_to_g2
PSMA1,PSMA3,25.1025,0.4599552949753787,g2_to_g1
PSMA3,PSMA2,27.4535,1.3760512150960778,g1_to_g2
PSMA2,PSMA3,27.4535,1.4084209402886416,g2_to_g1
PSMA3,PSMA4,27.91075,2.2842903927635025,g1_to_g2
PSMA4,PSMA3,27.91075,-0.1559240916880582,g2_to_g1
PSMA3,PSMA5,31.07315,1.97722531562466,g1_to_g2
PSMA5,PSMA3,31.07315,-1.8257894316824888,g2_to_g1
PSMA3,PSMA6,29.15115,1.2948520170041966,g1_to_g2
PSMA6,PSMA3,29.15115,-0.22474358474340184,g2_to_g1
CHMP1A,CHMP1B,55.6994,0.8052477652437712,g2_to_g1
CHMP2A,CHMP1B,29.0654,0.6972920710451628,g2_to_g1
BCLAF1,THRAP3,38.7335,1.105770149097325,g1_to_g2
ILF3,STRBP,51.90355,-0.06998678836800637,g2_to_g1
SLC35B1,SLC35B2,27.64405,0.8555934137254612,g1_to_g2
SLC35B1,SLC35B3,24.71635,0.3922853843830184,g1_to_g2
EEF1A1,TUFM,30.318,-0.11522621282487422,g2_to_g1
GSPT1,TUFM,20.3454,-1.3974824584379724,g2_to_g1
MKRN1,MKRN2,42.32215,0.6997261474190981,g1_to_g2
SFPQ,NONO,50.4104,0.36294631113152986,g2_to_g1
AP2M1,AP3M1,24.62875,-0.7740565954254718,g2_to_g1
TOP3A,TOP3B,32.1705,-0.5386682636309585,g2_to_g1
SNRNP200,ASCC3,39.7971,0.026273796941504016,g2_to_g1
COPS3,PSMD3,21.6073,-0.6355156694205666,g1_to_g2
PSMD3,COPS3,21.6073,0.45610194065428655,g2_to_g1
STX5,STX3,21.34215,-0.4424455560254651,g2_to_g1
PPP4C,PPP1CB,41.99765,-0.001770220709742476,g1_to_g2
PPP1CB,PPP4C,41.99765,-0.3177949829847304,g2_to_g1
PPP4C,PPP5C,28.41125,-0.6394086892229565,g1_to_g2
PPP4C,PPP2CB,64.93575,-0.02679360141003624,g1_to_g2
PPP4C,PPP2CA,65.2604,0.04949263238493319,g1_to_g2
PPP2CA,PPP4C,65.2604,-0.7087381078750579,g2_to_g1
PPP4C,PPP3CB,32.2858,-0.663293467525931,g1_to_g2
PPP4C,PPP3CC,31.78375,0.5457944986944454,g1_to_g2
PPP4C,PPP6C,62.0922,1.1174198261829555,g1_to_g2
PPP6C,PPP4C,62.0922,0.5203178928344758,g2_to_g1
PPP4C,PPP1CC,42.8848,-0.8242896563168445,g1_to_g2
PPP4C,PPP1CA,42.7559,0.10558041655074019,g1_to_g2
PPP1CA,PPP4C,42.7559,-0.2753758734912364,g2_to_g1
ING3,ING2,25.9424,1.0734812714535436,g2_to_g1
MRPS9,RPS16,24.37385,1.0949768577830508,g1_to_g2
RPS16,MRPS9,24.37385,2.9505658282069573,g2_to_g1
YPEL5,YPEL3,25.6093,-0.4656117823911583,g2_to_g1
HGS,STAM,22.28585,0.22492377141302605,g2_to_g1
EIF4A3,DDX50,24.25565,-2.7430611719172275,g2_to_g1
DDX47,DDX50,20.79475,3.3896757493931973,g2_to_g1
EIF4A1,DDX50,25.0204,1.5865455995518885,g2_to_g1
DDX18,DDX50,20.5156,4.195506943317147,g2_to_g1
DDX21,DDX50,57.9478,1.6671129594762049,g2_to_g1
DDX24,DDX50,20.0419,1.6737828384358606,g2_to_g1
OTX1,PITX1,20.1321,-0.2961741181671483,g1_to_g2
TRAPPC1,TRAPPC4,24.0718,0.8891480938401158,g1_to_g2
TRAPPC4,TRAPPC1,24.0718,1.0422089358219244,g2_to_g1
SRSF7,SRSF4,32.06375,-2.9716242656855067,g1_to_g2
SRSF7,SRSF1,38.2878,-3.2149499099778542,g1_to_g2
SRSF1,SRSF7,38.2878,-3.567614843769836,g2_to_g1
SRSF7,SRSF9,32.2883,0.6877304597697947,g1_to_g2
SRSF7,SRSF3,54.071,-0.881246054023846,g1_to_g2
SRSF3,SRSF7,54.071,-1.6777498029907225,g2_to_g1
ING3,ING5,33.7789,-1.3599233836461064,g1_to_g2
EIF3CL,EIF3C,99.9453,-1.1224189240212015,g1_to_g2
PGAM1,BPGM,53.4164,0.5826578526971264,g2_to_g1
EGLN2,EGLN1,42.7593,-0.1503576346621806,g1_to_g2
HNRNPL,PTBP3,25.60395,0.09268547758596751,g2_to_g1
PTBP1,PTBP3,75.74125,0.25197844371336314,g2_to_g1
ANAPC11,RNF7,33.2069,0.23809803771111399,g2_to_g1
RBX1,RNF7,44.3666,-0.7464507321801481,g2_to_g1
CTCF,CTCFL,43.83395,0.3075695994092203,g2_to_g1
RPL26,RPL26L1,98.6207,1.6480646733335569,g1_to_g2
RPL26L1,RPL26,98.6207,0.08120162085813701,g2_to_g1
DPY19L2,DPY19L3,27.1591,-1.3776383608400207,g2_to_g1
WDR25,CDC40,20.679,-0.07417302795177445,g2_to_g1
TRMT10C,TRMT10B,20.04315,0.3804457425097123,g2_to_g1
ABCB7,ABCB10,21.8811,-0.1923054424669901,g1_to_g2
ABCB10,ABCB7,21.8811,-0.2067664954469565,g2_to_g1
ABCB7,ABCB6,34.4889,0.04375021443317789,g1_to_g2
ABCB7,ABCB8,21.23585,0.4196196164713677,g1_to_g2
PPP1CB,PPP3CB,33.5239,0.009800074930695846,g2_to_g1
PPP2CA,PPP3CB,32.66845,1.1279934480147642,g2_to_g1
PPP6C,PPP3CB,30.34445,-0.2073733589319307,g2_to_g1
PPP1CA,PPP3CB,32.5954,-0.38147883272597377,g2_to_g1
COPG1,COPG2,80.8025,1.4077599131002372,g2_to_g1
CMPK1,AK1,35.77725,0.13907844874016734,g2_to_g1
KDM8,HIF1AN,21.6036,-0.39576317073986655,g1_to_g2
RUVBL1,RUVBL2,42.22225,-1.8670959860094984,g1_to_g2
RUVBL2,RUVBL1,42.22225,-0.9292693386076514,g2_to_g1
UBA2,UBA3,28.4758,-0.0872794200042519,g1_to_g2
UBA3,UBA2,28.4758,0.7742327166493734,g2_to_g1
SCFD1,STXBP2,21.4102,1.1746717752299247,g1_to_g2
TXN,TXN2,27.9862,0.407666046403075,g2_to_g1
COPS6,EIF3F,21.3862,0.3966699449191673,g1_to_g2
EIF3F,COPS6,21.3862,-0.06207424658671057,g2_to_g1
COPS6,PSMD7,22.73475,-2.007610399834298,g1_to_g2
PSMD7,COPS6,22.73475,0.5557920907126364,g2_to_g1
CUL3,CUL4B,36.29105,0.16144965668080732,g2_to_g1
CUL2,CUL4B,26.93265,-0.03665929208637787,g2_to_g1
CUL1,CUL4B,28.39055,0.219504059151396,g2_to_g1
TKT,BCKDHB,21.4042,0.4200948532756179,g2_to_g1
CCNB1,CCNE1,20.65595,0.9774155978181767,g2_to_g1
IMP4,RPF1,28.0428,1.7210403864801682,g1_to_g2
RPF1,IMP4,28.0428,0.29483602113099,g2_to_g1
EXOSC6,EXOSC5,26.9681,1.1699316169823084,g1_to_g2
EXOSC5,EXOSC6,26.9681,3.53038098597301,g2_to_g1
EXOSC6,EXOSC4,25.21385,-1.8493625244484582,g1_to_g2
EXOSC4,EXOSC6,25.21385,1.865494988200793,g2_to_g1
DDX19B,DDX19A,95.92485,-0.3245397215034095,g1_to_g2
DDX19A,DDX19B,95.92485,0.8721218614084988,g2_to_g1
DDX19B,DDX56,20.16655,0.22171109754681895,g1_to_g2
DDX56,DDX19B,20.16655,1.1446707157595424,g2_to_g1
DDX19B,DDX3X,20.51005,-0.19681069594081663,g1_to_g2
DDX3X,DDX19B,20.51005,-1.4194090457455846,g2_to_g1
DDX19B,DDX6,25.98795,0.07372769884713881,g1_to_g2
DDX6,DDX19B,25.98795,-0.12963912801906774,g2_to_g1
DDX19B,DDX39A,27.46355,-0.008786585968021954,g1_to_g2
DDX19B,EIF4A2,35.903,-0.33341369915480185,g1_to_g2
DDX19B,EIF4A3,32.54955,0.068471824041132,g1_to_g2
EIF4A3,DDX19B,32.54955,-9.438107618858073,g2_to_g1
DDX47,DDX19B,21.856,1.7619622854693202,g2_to_g1
DDX19B,DDX1,20.9781,0.2547067281781533,g1_to_g2
DDX1,DDX19B,20.9781,0.8105634359820156,g2_to_g1
DDX19B,EIF4A1,35.4957,-0.07634988967371986,g1_to_g2
EIF4A1,DDX19B,35.4957,0.43916692418887904,g2_to_g1
DDX19B,DDX39B,27.87205,-0.3151505504854434,g1_to_g2
DDX19B,DDX20,20.13775,0.49379214649451814,g1_to_g2
DDX20,DDX19B,20.13775,0.01336738301351359,g2_to_g1
DDX19B,DDX24,20.6491,0.09394325328768666,g1_to_g2
DDX24,DDX19B,20.6491,1.1852868704302577,g2_to_g1
DDX19B,DDX49,21.2062,-0.1352555083298902,g1_to_g2
DDX49,DDX19B,21.2062,1.2432366518481044,g2_to_g1
PPIL4,PPIL3,23.49455,0.5220167018695299,g1_to_g2
PPIL4,PPIL1,22.96135,0.2172016830721853,g1_to_g2
PPIL1,PPIL4,22.96135,-0.17506009968288175,g2_to_g1
PPIL4,PPIB,22.6513,-0.14221241284127628,g1_to_g2
PPIL4,PPIH,23.43085,1.1539798420960716,g1_to_g2
PPIH,PPIL4,23.43085,0.8801844057225443,g2_to_g1
PPIL4,PPIA,24.68405,-1.0121495696724554,g1_to_g2
PPIA,PPIL4,24.68405,-0.028496137580945408,g2_to_g1
ABHD17A,ABHD12,22.9535,-1.1784312527203813,g2_to_g1
COX10,COQ2,20.3063,0.2803494461530119,g1_to_g2
COQ2,COX10,20.3063,-0.04845360992689951,g2_to_g1
ZNF100,ZNF92,47.0574,1.082568990609207,g2_to_g1
ZNF253,ZNF92,62.5218,-0.11922053752227799,g2_to_g1
DDX19A,DDX56,20.18905,-1.302569376043078,g1_to_g2
DDX56,DDX19A,20.18905,0.43153427398994293,g2_to_g1
DDX19A,DDX3X,20.53495,0.35531972009483553,g1_to_g2
DDX3X,DDX19A,20.53495,-2.4060348435561387,g2_to_g1
DDX19A,DDX6,26.4315,-0.3667879385506273,g1_to_g2
DDX6,DDX19A,26.4315,-1.8546176119963853,g2_to_g1
DDX19A,DDX39A,26.8255,0.2571976735777811,g1_to_g2
DDX19A,EIF4A2,35.71005,0.6213304908228441,g1_to_g2
DDX19A,EIF4A3,32.581,-0.3357038309438786,g1_to_g2
EIF4A3,DDX19A,32.581,3.2638548449356826,g2_to_g1
DDX47,DDX19A,21.87825,1.761754854090956,g2_to_g1
DDX19A,DDX1,21.00475,-0.6246560934008262,g1_to_g2
DDX1,DDX19A,21.00475,1.4014686182816298,g2_to_g1
DDX19A,EIF4A1,35.0743,0.3080690076570411,g1_to_g2
EIF4A1,DDX19A,35.0743,0.7581762508232864,g2_to_g1
DDX19A,DDX39B,27.4567,0.008061387657333108,g1_to_g2
DDX19A,DDX24,20.3512,0.6013330110699076,g1_to_g2
DDX24,DDX19A,20.3512,0.5604675248940262,g2_to_g1
DDX19A,DDX49,21.22845,0.02649715987948376,g1_to_g2
DDX49,DDX19A,21.22845,1.1376814678986342,g2_to_g1
SLC16A5,SLC16A9,20.3159,0.29099625521211314,g2_to_g1
AHCY,AHCYL1,46.63785,0.3124810651482997,g1_to_g2
RPL39,RPL39L,92.1569,-1.6934454420478928,g1_to_g2
UBE2I,UBE2R2,33.172,-0.13525685601346538,g2_to_g1
UBE2Z,UBE2R2,20.7283,-1.72345371477716,g2_to_g1
UBE2H,UBE2R2,24.64875,-0.1388169073354487,g2_to_g1
CPSF2,CPSF3,20.2816,-1.0242146233165073,g1_to_g2
CPSF3,CPSF2,20.2816,0.26597725574371467,g2_to_g1
CPSF2,INTS11,20.61805,0.5060621591951322,g1_to_g2
SLC25A10,SLC25A33,20.4587,0.028455482240458685,g2_to_g1
SLC25A26,SLC25A33,20.97115,1.563465700860759,g2_to_g1
ABCF1,ABCF2,34.43885,0.27209565409143033,g2_to_g1
UBE2L3,UBE2E1,31.5221,0.12108922183274404,g1_to_g2
UBE2L3,UBE2L6,54.72375,0.13761198724013401,g1_to_g2
UBE2L3,UBE2E3,30.57595,0.6620803294199253,g1_to_g2
UBE2L3,UBE2D3,38.55905,-0.2592681019904451,g1_to_g2
UBE2D3,UBE2L3,38.55905,0.23977994303984798,g2_to_g1
UBE2L3,UBE2D2,39.2239,0.12422854304655429,g1_to_g2
UBE2L3,UBE2D4,41.2183,0.4976576794528428,g1_to_g2
MOB4,MOB1B,21.3241,1.6193008144650984,g2_to_g1
ALYREF,POLDIP3,23.72825,1.0053294781689455,g2_to_g1
EFTUD2,EFL1,25.6542,-0.15721042584115213,g1_to_g2
EFTUD2,EEF2,37.1935,-0.7823681994362675,g1_to_g2
EEF2,EFTUD2,37.1935,0.8013680175226074,g2_to_g1
PI4KA,PI4KB,22.37115,1.5667143156816072,g1_to_g2
TBP,TBPL1,31.22325,-1.061596185549957,g2_to_g1
KIF18B,KIF18A,34.42375,1.0104741932730268,g1_to_g2
KIF18A,KIF18B,34.42375,0.2127643244793861,g2_to_g1
KIF18B,KIF3A,23.7254,-0.036301102352525115,g1_to_g2
GLRX3,GLRX5,23.854,0.3015294923893509,g1_to_g2
GLRX5,GLRX3,23.854,-0.9555365515001324,g2_to_g1
FCF1,UTP23,20.8531,0.8894735609956615,g1_to_g2
UTP23,FCF1,20.8531,0.0037695005057601753,g2_to_g1
DDX56,DDX28,21.896,0.5068590282518609,g2_to_g1
DDX3X,DDX28,20.67895,1.3022275506574852,g2_to_g1
DDX52,DDX28,21.1278,0.36787363282034236,g2_to_g1
DDX6,DDX28,22.94515,0.5199055313188775,g2_to_g1
EIF4A3,DDX28,22.06745,-11.610026544420029,g2_to_g1
DDX47,DDX28,26.12025,1.577139788778518,g2_to_g1
DDX59,DDX28,22.3645,0.24767085305044487,g2_to_g1
EIF4A1,DDX28,23.3005,0.7281516133863671,g2_to_g1
DDX5,DDX28,21.92725,1.4136294662077171,g2_to_g1
DDX49,DDX28,22.16065,0.6405939995367272,g2_to_g1
NUTF2,NXT2,24.61185,-1.9379522284800443,g2_to_g1
CHCHD2,CHCHD10,56.02555,-0.0398490343140353,g2_to_g1
TSPYL5,TSPYL1,37.9599,1.2066189064601556,g2_to_g1
SET,TSPYL1,26.24805,2.6685022129634515,g2_to_g1
EIF5A,EIF5A2,82.737,0.2236921836113677,g1_to_g2
MCM7,MCM8,23.1026,0.07957534392048186,g2_to_g1
MCM6,MCM8,23.36245,-0.7160996879203194,g2_to_g1
MCM3,MCM8,21.8529,0.5904953991310722,g2_to_g1
MCM2,MCM8,24.4595,-1.0516282404525155,g2_to_g1
MCM4,MCM8,25.25415,0.7132608209984428,g2_to_g1
CSNK1A1,CSNK1E,62.30595,0.28401150244262513,g2_to_g1
UBE2D3,UBE2E3,54.6781,-0.8248292984945034,g2_to_g1
POLR2B,POLR3B,38.85055,-0.6562800382674082,g1_to_g2
POLR3B,POLR2B,38.85055,1.0759336242512074,g2_to_g1
POLR2B,POLR1B,29.19845,0.40008425144446635,g1_to_g2
POLR1B,POLR2B,29.19845,0.1794503519371357,g2_to_g1
GNL2,GNL3,21.36955,0.3805107562631847,g1_to_g2
GNL3,GNL2,21.36955,-0.7072193234851327,g2_to_g1
GNL2,GNL3L,21.6034,-0.34029177303608604,g1_to_g2
GNL3L,GNL2,21.6034,1.273109892041448,g2_to_g1
SLC7A5,SLC7A6,46.18675,-0.3004984884168269,g2_to_g1
RPL7A,NHP2,23.6793,1.5053127207315686,g1_to_g2
NHP2,RPL7A,23.6793,-1.8864028300975724,g2_to_g1
GRSF1,HNRNPF,33.248,-0.8356230105657916,g2_to_g1
EXOSC9,EXOSC7,22.8573,-0.2356157202301376,g1_to_g2
EXOSC7,EXOSC9,22.8573,0.06383500527163301,g2_to_g1
CCND1,CCNJ,20.4027,-0.4963402155938413,g2_to_g1
DHX36,DHX30,26.4375,-0.11013149777683642,g1_to_g2
DHX36,DHX40,23.5541,0.7329417557686294,g1_to_g2
DHX36,DHX37,20.2344,-0.5225646018708517,g1_to_g2
DHX37,DHX36,20.2344,1.3807942512778377,g2_to_g1
DHX36,DHX33,23.34295,-0.046855513228599086,g1_to_g2
DHX33,DHX36,23.34295,1.1020774486807918,g2_to_g1
DHX36,DHX57,35.2994,0.9400850834427487,g1_to_g2
DHX36,DHX8,20.65375,1.6457366644738054,g1_to_g2
DHX8,DHX36,20.65375,-0.6746864673348332,g2_to_g1
DHX36,DHX34,23.7103,-0.4557537258594134,g1_to_g2
DHX36,DHX9,28.91635,0.2554300524328553,g1_to_g2
DHX9,DHX36,28.91635,-0.2839100417347813,g2_to_g1
DHX36,DHX29,30.48865,-0.46394761594507944,g1_to_g2
DHX36,DHX16,23.13925,-0.05678641206559238,g1_to_g2
DHX16,DHX36,23.13925,0.27690982253829,g2_to_g1
DHX36,YTHDC2,27.9921,0.7077183345110591,g1_to_g2
ISG20L2,REXO4,23.6715,-0.27017383160360087,g2_to_g1
HSD17B12,HSDL1,37.41255,-0.8287877597922989,g2_to_g1
CCND1,CCNA2,20.82195,-0.05922461141310975,g2_to_g1
CCNA2,CCNB2,28.4815,-2.13096580125494,g1_to_g2
CCNA2,CCND3,21.23605,0.5867581323660704,g1_to_g2
CCNA2,CCNB1,27.5145,-3.2139922093622464,g1_to_g2
CCNB1,CCNA2,27.5145,0.46116116057671264,g2_to_g1
CCNA2,CCND2,21.36755,1.3475825508389998,g1_to_g2
IMPDH2,GMPR,25.4314,0.5618420950160993,g2_to_g1
PPP6C,PPP1CB,39.60495,-0.9019015357026472,g1_to_g2
PPP1CB,PPP6C,39.60495,0.3362846694322764,g2_to_g1
PPP6C,PPP5C,29.05485,-0.7930445487123974,g1_to_g2
PPP6C,PPP2CB,59.2859,0.5180357969835947,g1_to_g2
PPP6C,PPP2CA,58.6344,0.8565918601784479,g1_to_g2
PPP2CA,PPP6C,58.6344,-0.059301910605794234,g2_to_g1
PPP6C,PPP3CC,29.8213,-0.481575417744611,g1_to_g2
PPP6C,PPP1CC,41.43535,-0.4870616859551348,g1_to_g2
PPP6C,PPP1CA,40.693,-0.39793480090250116,g1_to_g2
PPP1CA,PPP6C,40.693,0.04943615229749079,g2_to_g1
HSPA5,HSPA4L,25.849,0.35967506280322686,g1_to_g2
HSPA5,HSPA9,48.62925,0.2349580931007315,g1_to_g2
HSPA9,HSPA5,48.62925,2.987752902714553,g2_to_g1
HSPA5,HSPA1B,61.62785,-0.40105037464559457,g1_to_g2
HSPA5,HSPA1A,61.62785,-0.9410287057835376,g1_to_g2
HSPA5,HYOU1,22.77045,9.021996214804282,g1_to_g2
HYOU1,HSPA5,22.77045,2.7544712903183126,g2_to_g1
HSPA5,HSPA4,28.4191,-2.2972962138170394,g1_to_g2
HSPA5,HSPA8,64.00245,-1.8865458428124906,g1_to_g2
HSPA8,HSPA5,64.00245,-1.333442342074571,g2_to_g1
MOG,BTN3A2,25.0012,-0.011359521264740088,g1_to_g2
MOG,BTN2A1,24.67635,0.3088152563165224,g1_to_g2
MOG,ERMAP,23.6923,0.6908595957323362,g1_to_g2
MRPL38,PEBP1,25.53335,-0.5297238534538571,g1_to_g2
GRSF1,HNRNPH3,26.6083,-0.326912957264982,g2_to_g1
HNRNPH1,HNRNPH3,56.8025,5.1868233801583425,g2_to_g1
FOXD4,FOXL2,20.9843,1.0927451238582988,g1_to_g2
RBMXL1,MSI2,22.4515,-0.7889528867250326,g2_to_g1
SRSF1,SRSF4,34.8252,1.412722696289591,g1_to_g2
SRSF1,SRSF3,40.01275,-2.1139195202294427,g1_to_g2
SRSF3,SRSF1,40.01275,-1.2731263678597817,g2_to_g1
SRSF1,SRSF9,68.0293,2.885498373111317,g1_to_g2
TCP1,CCT3,33.06415,0.2661998230937779,g1_to_g2
CCT3,TCP1,33.06415,-0.6132795329914864,g2_to_g1
TCP1,CCT5,33.73465,-0.12075404980894897,g1_to_g2
CCT5,TCP1,33.73465,0.25627172330753245,g2_to_g1
TCP1,CCT4,30.50965,2.2426073140349376,g1_to_g2
CCT4,TCP1,30.50965,-0.6851210709439095,g2_to_g1
TCP1,CCT7,34.21775,-0.8346296580499807,g1_to_g2
CCT7,TCP1,34.21775,-0.4756926287674781,g2_to_g1
DYNLL1,DYNLL2,93.2584,0.04362050845467169,g2_to_g1
NUBP2,NUBP1,46.34225,0.7261787797110754,g1_to_g2
NUBP1,NUBP2,46.34225,-0.04043851696903211,g2_to_g1
FNTB,RABGGTB,27.8748,-0.24422272029888192,g1_to_g2
PSMD14,BRCC3,21.31915,-1.6352221446684263,g1_to_g2
PSMD14,COPS5,29.54415,-1.8136086190597864,g1_to_g2
COPS5,PSMD14,29.54415,0.6614070082117521,g2_to_g1
VCP,NVL,34.68845,0.102169051185387,g1_to_g2
NVL,VCP,34.68845,-3.408935662059951,g2_to_g1
VCP,PEX6,23.6285,-0.18525847627187506,g1_to_g2
RPL7L1,RPL7,42.15525,-0.47330210534930484,g1_to_g2
RPL7,RPL7L1,42.15525,0.5463993805855804,g2_to_g1
NVL,PEX6,23.8561,-0.5717218799736573,g2_to_g1
JMJD6,JMJD4,20.98175,-0.9198131592850278,g1_to_g2
RBX1,ANAPC11,37.03705,-2.0791005642674523,g1_to_g2
ANAPC11,RBX1,37.03705,-1.0646345151648131,g2_to_g1
GBF1,CYTH1,22.11395,0.34866658319215027,g1_to_g2
GBF1,CYTH2,22.372665,0.9728776136885287,g1_to_g2
CLK2,DYRK2,20.72365,-0.6250287031855246,g2_to_g1
SLC39A10,SLC39A14,25.5635,-0.34350388398000953,g1_to_g2
SLC39A10,SLC39A8,24.9919,-0.37755812684056955,g1_to_g2
SLC39A10,SLC39A4,21.44195,0.3631827748325064,g1_to_g2
KIF14,KIF16B,23.4969,0.19914395502905163,g2_to_g1
METTL23,METTL21A,23.64075,-0.09651645233666678,g1_to_g2
PLK1,PLK4,21.78335,-0.2512234772444455,g1_to_g2
PLK4,PLK1,21.78335,-2.2937839204496746,g2_to_g1
MRPL2,RPL8,22.94315,0.17074718454066629,g1_to_g2
RPL8,MRPL2,22.94315,1.5375042139817405,g2_to_g1
GAK,DNAJC6,39.1028,0.03949775263974699,g2_to_g1
CMPK1,AK4,26.1673,-0.240590183886725,g2_to_g1
EIF2S3,EEF1A1,25.48475,0.6256282263170552,g1_to_g2
EEF1A1,EIF2S3,25.48475,1.6995429994897284,g2_to_g1
ATP6V0C,ATP6V0B,29.45715,-1.7567022836451,g1_to_g2
ATP6V0B,ATP6V0C,29.45715,-0.24269032511761873,g2_to_g1
EWSR1,FUS,50.184,0.45003148372532853,g1_to_g2
EWSR1,TAF15,39.8484,-0.31605192290943696,g1_to_g2
UBE2I,UBE2S,23.83395,-0.4947106738344108,g2_to_g1
RNF168,RNF169,20.56435,-1.1321505995055046,g1_to_g2
DIMT1,TFB1M,24.6445,0.970316259462521,g2_to_g1
TBC1D3,USP6NL,25.14255,-0.5574952537028883,g2_to_g1
TBC1D28,USP6NL,22.68462,-0.8357967609374617,g2_to_g1
CBX1,CBX3,71.19775,0.7122751351428824,g2_to_g1
RBMXL1,DAZAP1,25.8587,-0.9933874866318539,g2_to_g1
PSMA2,PSMA1,29.0728,1.437917480399029,g1_to_g2
PSMA1,PSMA2,29.0728,0.4198982395368432,g2_to_g1
PSMA2,PSMA4,33.63545,1.985460837252028,g1_to_g2
PSMA4,PSMA2,33.63545,1.791465190811715,g2_to_g1
PSMA2,PSMA5,31.16465,2.949562084728664,g1_to_g2
PSMA5,PSMA2,31.16465,1.9871772803502892,g2_to_g1
PSMA2,PSMA6,33.7711,0.8379252539464879,g1_to_g2
PSMA6,PSMA2,33.7711,0.1562791444497918,g2_to_g1
VARS2,IARS2,21.98915,-0.5754526772102717,g1_to_g2
IARS2,VARS2,21.98915,0.4254102154053884,g2_to_g1
PSMC2,PSMC5,45.10035,2.3646618910304724,g1_to_g2
PSMC5,PSMC2,45.10035,2.876615013711479,g2_to_g1
PSMC2,PSMC6,41.7254,2.5956245174956156,g1_to_g2
PSMC6,PSMC2,41.7254,0.7734676858115463,g2_to_g1
PSMC2,PSMC3,37.15775,2.282753598218391,g1_to_g2
PSMC3,PSMC2,37.15775,1.6178000827956467,g2_to_g1
PSMC2,PSMC4,37.1443,3.5681162734212646,g1_to_g2
PSMC4,PSMC2,37.1443,1.699921455018547,g2_to_g1
RBMX2,CSTF2,20.56445,-0.2574265977760794,g1_to_g2
RBMX2,ZCRB1,21.21315,1.1615296264666073,g1_to_g2
ZCRB1,RBMX2,21.21315,-0.7257645872417291,g2_to_g1
PSMC4,PSMC3,38.29605,3.1595505590490793,g1_to_g2
PSMC3,PSMC4,38.29605,3.460132207411743,g2_to_g1
PSMC4,PSMC6,39.208,2.8772452583861186,g1_to_g2
PSMC6,PSMC4,39.208,3.1665395159902343,g2_to_g1
PSMC4,PSMC5,39.8143,2.745583254861039,g1_to_g2
PSMC5,PSMC4,39.8143,1.556045498389221,g2_to_g1
TAF5,TAF5L,34.63655,-0.4145279523143288,g1_to_g2
TTF2,HLTF,23.2384,-0.39676192820653183,g2_to_g1
DPH1,DPH2,24.02095,0.1409572127804912,g1_to_g2
CPNE7,CPNE3,54.81465,-2.410379124583181,g1_to_g2
COPS5,BRCC3,22.185,-0.5382585006407163,g2_to_g1
CHMP1A,CHMP2A,23.0557,1.3694852439242355,g1_to_g2
CHMP2A,CHMP1A,23.0557,-1.1979469528011637,g2_to_g1
DDX21,EIF4A2,24.83205,0.010999760146193027,g1_to_g2
DDX21,EIF4A3,23.7455,0.6234060276658573,g1_to_g2
EIF4A3,DDX21,23.7455,-5.256431625489522,g2_to_g1
DDX21,EIF4A1,24.68525,-0.18521693144036339,g1_to_g2
EIF4A1,DDX21,24.68525,-0.6145131599944119,g2_to_g1
DDX21,DDX39B,20.0554,0.06271369111459324,g1_to_g2
DDX21,DDX24,20.01855,-0.7405309787601095,g1_to_g2
DDX24,DDX21,20.01855,-0.6356993925612454,g2_to_g1
YKT6,VAMP7,21.2121,1.390779613384789,g1_to_g2
HSPA9,HSPA4L,23.3157,-1.0319557059727131,g1_to_g2
HSPA9,HSPA1B,49.73815,-0.4576156444734373,g1_to_g2
HSPA9,HSPA1A,49.73815,-1.2767851864773547,g1_to_g2
HSPA9,HSPA4,22.50425,-3.6761814829820785,g1_to_g2
HSPA9,HSPA8,51.05055,-3.9759834467629913,g1_to_g2
HSPA8,HSPA9,51.05055,-1.1631158185661385,g2_to_g1
RTEL1,BRIP1,23.0771,0.6676314736378952,g1_to_g2
BRIP1,RTEL1,23.0771,0.5943611706735208,g2_to_g1
RTEL1,ERCC2,20.95445,0.4217345490880789,g1_to_g2
ERCC2,RTEL1,20.95445,-0.1875279550312446,g2_to_g1
RTEL1,DDX11,20.1346,0.6110729071388551,g1_to_g2
DDX11,RTEL1,20.1346,-0.8119608317373679,g2_to_g1
RFC2,RFC4,34.03605,-1.0910735513861163,g1_to_g2
RFC4,RFC2,34.03605,-0.398585611834712,g2_to_g1
RFC2,RFC5,36.326,-0.09483433464422411,g1_to_g2
RFC5,RFC2,36.326,0.23036930535774713,g2_to_g1
LYRM4,SDHAF1,26.5743,-0.25729418728808195,g1_to_g2
RBM10,RBM5,51.916,0.2897474148520055,g1_to_g2
RBM10,RBM6,23.5889,0.41846218176715827,g1_to_g2
DDX46,DDX3X,25.5395,-0.5525994185751322,g1_to_g2
DDX3X,DDX46,25.5395,0.41473725590205524,g2_to_g1
DDX46,DDX52,20.57985,0.41345224033297817,g1_to_g2
DDX52,DDX46,20.57985,-0.38870076683067945,g2_to_g1
DDX46,EIF4A2,20.21335,0.5493839369369073,g1_to_g2
DDX46,EIF4A3,20.2424,0.3426313076527157,g1_to_g2
EIF4A3,DDX46,20.2424,0.13641122135615677,g2_to_g1
DDX46,DDX23,20.90025,0.47645002947863907,g1_to_g2
DDX23,DDX46,20.90025,1.065167994827989,g2_to_g1
DDX47,DDX46,22.0092,-0.4187910243561235,g2_to_g1
DDX46,DDX59,20.5468,-0.38972446483072887,g1_to_g2
DDX59,DDX46,20.5468,-0.13870662298702865,g2_to_g1
DDX46,EIF4A1,20.24905,0.7623437626283069,g1_to_g2
EIF4A1,DDX46,20.24905,0.18989765796161026,g2_to_g1
DDX46,DDX5,26.75585,-0.14577177134470654,g1_to_g2
DDX5,DDX46,26.75585,-0.18299148079657226,g2_to_g1
DDX46,DDX42,30.2211,-1.452828577128474,g1_to_g2
DDX42,DDX46,30.2211,-0.7395995244076219,g2_to_g1
KPNA6,KPNA2,46.5748,0.2109463121656568,g2_to_g1
HLA-C,MICB,24.57875,0.15473243425420802,g2_to_g1
UBA1,SAE1,21.09445,0.12627207024296352,g1_to_g2
SAE1,UBA1,21.09445,-0.18341070976975554,g2_to_g1
HUWE1,SMURF2,22.38697,-0.41273185703049015,g2_to_g1
ENO1,ENO2,83.6406,0.2708450007389103,g2_to_g1
SSBP3,SSBP4,72.96355,-0.2734724836543613,g2_to_g1
HGS,STAM2,22.02315,0.8340608368397032,g1_to_g2
NPM1,NPM3,27.05805,-0.06885872114825686,g1_to_g2
NPM3,NPM1,27.05805,0.10106445032112099,g2_to_g1
CCNL1,CCNL2,59.6578,0.17338211704558187,g1_to_g2
CCNL1,CCNT2,21.2615,0.5612778754887777,g1_to_g2
SLC16A5,SLC16A4,22.18475,0.4404689506926668,g1_to_g2
SLC16A5,SLC16A1,26.4683,0.43335900319859794,g1_to_g2
KLF7,KLF9,22.59935,0.07163690818354078,g2_to_g1
E2F6,E2F5,25.47315,0.16029998411450092,g1_to_g2
E2F6,E2F2,32.15875,0.6931435184445395,g1_to_g2
E2F6,E2F3,33.9701,1.4276275165259429,g1_to_g2
E2F6,E2F4,23.6211,-0.9195294226733369,g1_to_g2
NDOR1,POR,28.84215,-0.04324845733001418,g1_to_g2
SET,NAP1L1,28.98795,-0.13589839530476464,g2_to_g1
SLC4A5,SLC4A2,30.986,-0.1537517864521969,g2_to_g1
MRPS7,RPS5,23.9406,0.9711522105285565,g1_to_g2
RPS5,MRPS7,23.9406,1.0157664039795962,g2_to_g1
RBBP4,PEX7,21.5232,1.545187450718955,g2_to_g1
PSMD2,PSMD1,20.216,4.856484319783753,g1_to_g2
PSMD1,PSMD2,20.216,2.9008255255122353,g2_to_g1
GRB2,NCK1,23.2346,0.1904452521388137,g1_to_g2
POLR2A,POLR1A,22.70585,0.3333042900018189,g1_to_g2
POLR1A,POLR2A,22.70585,-1.7939129793384205,g2_to_g1
POLR2A,POLR3A,30.86,0.1141840059634879,g1_to_g2
POLR3A,POLR2A,30.86,-2.3879981958606376,g2_to_g1
ZRSR2,U2AF1L4,28.11835,-0.08913701172029481,g1_to_g2
EIF4G1,EIF4G3,46.92145,-0.3387016249444643,g1_to_g2
EIF4G1,EIF4G2,22.6358,-2.508638940418327,g1_to_g2
EIF4G2,EIF4G1,22.6358,-0.995054274815596,g2_to_g1
HSD17B12,HSD17B11,20.92305,1.7385292460975332,g2_to_g1
CCND1,CCND2,63.02035,0.33195545769151336,g2_to_g1
RANBP2,RANBP1,25.00671,-0.18558570701594745,g2_to_g1
CHD4,SMARCA1,21.0622,1.5780326527235773,g2_to_g1
INO80,SMARCA1,24.60515,-0.05870600522777766,g2_to_g1
PSMB6,PSMB4,22.72015,2.6041689775291395,g1_to_g2
PSMB4,PSMB6,22.72015,0.20611504037061348,g2_to_g1
PSMB6,PSMB10,24.71835,-0.24327956653550403,g1_to_g2
PSMB6,PSMB7,26.5003,3.390345623992264,g1_to_g2
PSMB7,PSMB6,26.5003,0.9084386559216083,g2_to_g1
EEF1A1,EIF5B,21.03845,-1.604565381756001,g1_to_g2
EEF1A1,GSPT1,29.6882,-0.7728498631670704,g1_to_g2
GSPT1,EEF1A1,29.6882,1.0393797092806172,g2_to_g1
ABCB10,ABCB8,30.63765,0.2581194307432946,g2_to_g1
HYOU1,HSPA1A,24.8423,0.445287057213136,g2_to_g1
HSPA8,HSPA1A,85.62675,3.781446882538148,g2_to_g1
HDAC7,HDAC5,42.5678,1.8852746200858863,g1_to_g2
HDAC7,HDAC6,22.53515,-0.31315464343995264,g1_to_g2
KLC2,APPBP2,21.22955,0.254221279745686,g1_to_g2
KLC2,KLC1,66.9432,-0.3251646584489408,g1_to_g2
GNL3L,GNL3,30.9724,1.0498382537454845,g1_to_g2
GNL3,GNL3L,30.9724,-0.6667785691767568,g2_to_g1
PPP1R10,PRR3,26.489345,-15.672263403497892,g2_to_g1
WNK1,WNK2,29.13075,-1.491637875684836,g2_to_g1
DHX16,DHX40,31.19595,0.061745786783071854,g1_to_g2
DHX16,DHX37,26.18755,-0.16301204708464648,g1_to_g2
DHX37,DHX16,26.18755,1.3175063117689223,g2_to_g1
DHX16,DHX33,35.2694,0.8312535320981107,g1_to_g2
DHX33,DHX16,35.2694,-0.026516982977953525,g2_to_g1
DHX16,DHX57,23.2973,0.021965887594045302,g1_to_g2
DHX16,DHX8,39.34435,1.1099404990074968,g1_to_g2
DHX8,DHX16,39.34435,-1.577284099226561,g2_to_g1
DHX16,DHX34,23.7698,-0.3256358624427417,g1_to_g2
DHX16,DHX29,20.1238,-0.37777831348154794,g1_to_g2
DHX16,DHX32,24.6797,-1.071964626584988,g1_to_g2
DHX16,DHX38,35.601,0.2815377001026902,g1_to_g2
KIF4A,KIF21A,24.9404,-0.10302866139628608,g1_to_g2
HLA-C,FCGRT,25.99185,0.9523803066246537,g2_to_g1
NIP7,CKS2,20.94585,-0.827033329901388,g1_to_g2
NIP7,CKS1B,23.6779,1.5681067540293234,g1_to_g2
ABCF1,ABCF3,37.3517,-0.4502571739294831,g1_to_g2
TERF2,TERF1,21.8515,2.3133352388576562,g1_to_g2
TERF1,TERF2,21.8515,-0.9118508476178683,g2_to_g1
DDX56,DDX31,20.913,0.07380990916435873,g2_to_g1
DDX47,DDX31,24.23725,0.8668783181304232,g2_to_g1
DDX55,DDX31,26.1622,-0.3118591136341795,g2_to_g1
DDX10,DDX31,20.3634,0.8408120148772493,g2_to_g1
DDX49,DDX31,24.04665,-0.7405820614701017,g2_to_g1
TMED2,TMED5,25.69035,0.40466587614148447,g1_to_g2
TMED2,TMED1,23.451,-1.1182859468769384,g1_to_g2
TMED2,TMED3,30.1878,0.5706279320864502,g1_to_g2
TMED2,TMED4,20.6369,1.0294622147558343,g1_to_g2
TMED2,TMED9,22.15305,0.4718136855768501,g1_to_g2
DDX55,DDX56,22.89105,0.16001455325723002,g1_to_g2
DDX56,DDX55,22.89105,0.29899390603612186,g2_to_g1
DDX55,DDX3X,21.12865,-0.5534147579615953,g1_to_g2
DDX3X,DDX55,21.12865,-1.399830499634044,g2_to_g1
DDX55,DDX6,20.92755,-1.0932817739998462,g1_to_g2
DDX6,DDX55,20.92755,-0.5895211491434741,g2_to_g1
DDX55,DDX39A,21.0451,-0.2674358085207983,g1_to_g2
DDX55,EIF4A2,20.8245,-0.2857659547376113,g1_to_g2
DDX55,EIF4A3,20.90875,-0.8485529075949154,g1_to_g2
EIF4A3,DDX55,20.90875,0.3668075409085584,g2_to_g1
DDX47,DDX55,25.31225,0.7612210121304822,g2_to_g1
DDX55,EIF4A1,21.47455,0.17564018275546028,g1_to_g2
EIF4A1,DDX55,21.47455,1.496872266784413,g2_to_g1
DDX55,DDX10,26.12855,-0.6292334595660961,g1_to_g2
DDX10,DDX55,26.12855,1.2870932426602675,g2_to_g1
DDX55,DDX49,21.8618,1.2516307605242512,g1_to_g2
DDX49,DDX55,21.8618,1.2048894968182875,g2_to_g1
EIF2B1,EIF2B4,22.5797,-1.1441242863774437,g1_to_g2
EIF2B4,EIF2B1,22.5797,-2.3375611523115034,g2_to_g1
NOMO3,NOMO1,99.509,-4.074006228387321,g1_to_g2
ATL2,ATL3,60.4046,0.25784806157205975,g2_to_g1
POU5F1B,POU2F1,24.9551,-1.6909775176008632,g2_to_g1
SLC25A26,SLC25A17,20.0302,1.6854273483088804,g2_to_g1
NOP56,NOP58,37.70425,-0.3248421819773802,g1_to_g2
NOP58,NOP56,37.70425,2.916831645285796,g2_to_g1
DRG1,DRG2,57.1829,-0.05371344755959073,g1_to_g2
RPS14,MRPS11,23.55435,1.0554947298225186,g1_to_g2
MRPS11,RPS14,23.55435,0.9259509454724815,g2_to_g1
SEPHS2,SEPHS1,69.35585,-0.2299014690904579,g1_to_g2
ZNF574,ZNF764,20.54515,-0.3683064981874232,g2_to_g1
NBEAL1,NBEAL2,46.7059,-0.23311270887903662,g2_to_g1
ALYREF,CHTOP,25.41545,0.5508014692437895,g1_to_g2
CHTOP,ALYREF,25.41545,-0.16061067072473845,g2_to_g1
ELOVL1,ELOVL6,23.9129,0.33062245680976216,g2_to_g1
MFN2,MFN1,62.3569,-0.4855120655046691,g2_to_g1
NPB,NPW,29.52725,-0.02405769841178372,g1_to_g2
TAF6,TAF6L,24.0616,-2.2491709885589026,g2_to_g1
EIF4B,EIF4H,30.04525,-0.9620374250938633,g1_to_g2
SNRNP70,SNRNP35,29.5432,-1.9224836437475927,g1_to_g2
SNRNP35,SNRNP70,29.5432,-0.47742422729508455,g2_to_g1
SET,TSPYL5,26.43605,-0.5852778135209319,g1_to_g2
TSPYL5,SET,26.43605,0.1849206275938916,g2_to_g1
SET,NAP1L4,27.93165,0.950414998080889,g1_to_g2
IMPDH2,GMPR2,24.8183,0.029153547685490836,g2_to_g1
ZNF468,ZNF765,65.646,-0.2904959337384261,g2_to_g1
ZNF468,ZNF813,67.5463,-0.11284451786890079,g2_to_g1
LSG1,GNL1,22.17045,-0.25741275434100297,g1_to_g2
KLF7,KLF16,22.2025,1.0072501076282847,g2_to_g1
ABHD17A,ABHD17B,75.6877,-0.6421772335920859,g1_to_g2
CSNK1A1,CSNK1G2,45.43565,0.4547959191550035,g2_to_g1
USP19,USP11,23.34255,-0.3076869324020563,g2_to_g1
USP8,USP11,20.2104,1.1324348971076788,g2_to_g1
LSM7,SNRPG,34.29995,0.30972415501884093,g1_to_g2
SNRPG,LSM7,34.29995,-0.44301323429467754,g2_to_g1
SPTLC1,SPTLC2,25.89195,1.6540242790996413,g1_to_g2
ABCB10,ABCB6,22.88395,0.47148855314205546,g2_to_g1
PPP1CA,PPP1CB,88.2819,-0.5923810526856794,g1_to_g2
PPP1CB,PPP1CA,88.2819,0.15985848106990713,g2_to_g1
PPP1CA,PPP5C,27.6887,-0.8077906335217007,g1_to_g2
PPP1CA,PPP2CB,45.4325,-0.18524387706959738,g1_to_g2
PPP1CA,PPP2CA,45.11915,-0.4580205954876173,g1_to_g2
PPP2CA,PPP1CA,45.11915,0.7976440126503552,g2_to_g1
PPP1CA,PPP3CC,32.8906,-0.5986735852832539,g1_to_g2
PPP1CA,PPP1CC,90.97525,-0.4754216774161734,g1_to_g2
POLR3A,POLR1A,26.992,-2.060772981221249,g1_to_g2
POLR1A,POLR3A,26.992,-0.2939202945354745,g2_to_g1
CHD4,HELLS,21.19665,-0.09167258687522434,g2_to_g1
INO80,HELLS,25.4285,-0.25897921774741434,g2_to_g1
ATP2A2,ATP2C1,35.01795,-0.15551239584781948,g2_to_g1
ATP1A1,ATP2C1,26.64695,1.2823483314623612,g2_to_g1
GTF2H2C,GTF2H2,99.2405,-8.257828220786472,g1_to_g2
GTF2H2,GTF2H2C,99.2405,-7.410647178273819,g2_to_g1
RFFL,RNF34,43.8161,2.458470221036413,g1_to_g2
STX5,STX2,21.383,0.9217582664649011,g1_to_g2
PEF1,SRI,32.5722,-0.7436561743683959,g2_to_g1
PDCD6,SRI,33.42985,0.1573970456652497,g2_to_g1
KCTD10,KCTD13,67.64325,1.0675922196973628,g1_to_g2
AKIRIN2,AKIRIN1,56.75285,0.16228262200917398,g1_to_g2
AQP7,AQP10,35.60355,-0.24801644709157766,g1_to_g2
HMGN2,HMGN4,86.6667,0.4857889240599075,g2_to_g1
RPS23,MRPS12,28.47875,0.3437205009470019,g1_to_g2
MRPS12,RPS23,28.47875,0.2684225509185643,g2_to_g1
PPIE,PPID,29.8236,2.1873148587984117,g2_to_g1
PPIL1,PPID,31.4165,-1.2561010214048354,g2_to_g1
PPIH,PPID,41.3445,0.08841209686222407,g2_to_g1
RSRC2,RSRP1,27.0364,-0.044703800684063266,g1_to_g2
EIF3F,PSMD7,25.02205,-1.513972599617623,g1_to_g2
PSMD7,EIF3F,25.02205,0.05456959287029341,g2_to_g1
DHX9,DHX30,22.99265,0.7970598383781013,g1_to_g2
DHX9,DHX33,20.477,0.03711860232191895,g1_to_g2
DHX33,DHX9,20.477,0.6194397307966554,g2_to_g1
DHX9,DHX57,26.85845,1.1970704497872007,g1_to_g2
DHX9,DHX34,20.27995,0.24887262573551147,g1_to_g2
DHX9,DHX29,25.1206,-0.19392492564890637,g1_to_g2
DHX9,YTHDC2,25.64565,-2.133502342387897,g1_to_g2
BTF3L4,BTF3,71.5743,-0.11638832232410755,g1_to_g2
BTF3,BTF3L4,71.5743,1.314403463214841,g2_to_g1
PTBP1,HNRNPL,27.2464,1.0921179190611279,g1_to_g2
HNRNPL,PTBP1,27.2464,0.07098523535073625,g2_to_g1
PTBP1,PTBP2,72.28395,5.688167607834682,g1_to_g2
VPS37C,VPS37B,35.74005,0.7139547643093649,g2_to_g1
PSMD6,GPS1,20.34595,0.4799677616993495,g1_to_g2
GPS1,PSMD6,20.34595,0.24173468410319418,g2_to_g1
RPL13A,MRPL13,22.6698,0.07626163419293358,g1_to_g2
MRPL13,RPL13A,22.6698,0.6874875033684417,g2_to_g1
UBE2D3,UBE2E1,55.7259,-0.8592419634410821,g1_to_g2
UBE2D3,UBE2L6,34.6805,-0.02733713185089992,g1_to_g2
UBE2D3,UBE2Q2,21.7796,0.8451292212334794,g1_to_g2
UBE2D3,UBE2D4,91.1565,-0.8111601244068679,g1_to_g2
UBE2D3,UBE2D2,97.2789,-0.13945913649753694,g1_to_g2
GATA1,GATA2,38.5147,-4.063148188453067,g1_to_g2
PTPMT1,DUSP3,21.2801,0.5643797675254456,g1_to_g2
PTPMT1,DUSP14,21.5551,0.16203570056817743,g1_to_g2
SLC7A5,SLC7A8,51.2846,0.18160893761236735,g2_to_g1
NOP2,NSUN5,20.2647,1.2239306989988876,g2_to_g1
STAT5A,STAT5B,92.72795,0.7904725746687399,g1_to_g2
STAT5A,STAT6,35.2592,-1.1100134411271354,g1_to_g2
STAT5A,STAT1,27.7427,-0.4022420711170267,g1_to_g2
STAT5A,STAT3,28.39545,0.009696026256846249,g1_to_g2
LTBP3,LTBP4,30.45,-0.5564344994010353,g2_to_g1
ATP6V1A,ATP5F1B,21.0666,0.6012263087376337,g2_to_g1
ATP6V1B2,ATP5F1B,25.5846,-0.4379291894093771,g2_to_g1
RCC1,RCC1L,20.61365,0.7648480338142724,g2_to_g1
NOS1AP,LDLRAP1,20.1087,0.477904939067063,g1_to_g2
TEAD3,TEAD1,70.15865,-0.5256499636730333,g1_to_g2
TEAD3,TEAD4,69.04495,0.21646131865611862,g1_to_g2
SNX15,RPS6KC1,24.1379,0.5231744719310365,g2_to_g1
TNPO3,IPO13,23.1281,0.051947026551965994,g1_to_g2
IPO13,TNPO3,23.1281,2.057893936278794,g2_to_g1
MVK,GALK1,21.828,-0.6523732212842057,g2_to_g1
ASF1B,ASF1A,70.44505,0.6312267720109758,g1_to_g2
SP2,SP1,31.0857,-0.12704390780829372,g2_to_g1
CBX1,CBX5,63.84605,0.4484935245656092,g2_to_g1
ZNF100,ZNF680,48.51355,0.2754339107000264,g2_to_g1
ZNF253,ZNF680,62.6419,-0.20929672459670162,g2_to_g1
HDAC3,HDAC1,56.46255,-0.6535656844829679,g1_to_g2
ZNF100,ZNF273,43.22985,-1.3264521149973976,g2_to_g1
ZNF253,ZNF273,58.49095,0.18061029035042664,g2_to_g1
RBBP4,RBBP7,88.7059,0.1322352038440081,g2_to_g1
TRA2B,TRA2A,69.8323,3.577242401364439,g2_to_g1
CSNK1A1,VRK2,24.1857,0.41129589210149037,g2_to_g1
GMPPB,GMPPA,36.1111,0.19884078169600405,g1_to_g2
UBE2I,CDC34,32.75585,-0.6345789485030013,g2_to_g1
UBE2Z,CDC34,20.83335,-0.08545461822079,g2_to_g1
UBE2H,CDC34,25.70965,-0.26976150799320514,g2_to_g1
UBE2I,UBE2F,24.6425,1.8307975099652731,g2_to_g1
UBE2H,UBE2F,22.2833,-0.728761060419706,g2_to_g1
CHD4,CHD2,21.24065,0.7505251623373992,g1_to_g2
CHD4,SMARCA5,20.77755,-1.5527560485851601,g1_to_g2
CHD4,CHD3,67.3654,2.3260203735356075,g1_to_g2
CHD4,CHD1,20.7714,0.21138165737374112,g1_to_g2
NAA10,NAA50,20.34495,-0.7042074051403671,g1_to_g2
NAA50,NAA10,20.34495,-0.15421282263139452,g2_to_g1
CFL1,CFL2,80.7229,-0.5689829727549345,g2_to_g1
KAT5,KAT7,30.5198,-0.033424727627238526,g1_to_g2
KAT5,KAT6A,23.53805,0.24628141404496967,g1_to_g2
TACC3,TACC1,21.3111,-1.1340616575502065,g1_to_g2
PSMA6,PSMA1,23.60195,1.0264198874730035,g1_to_g2
PSMA1,PSMA6,23.60195,1.175699590284531,g2_to_g1
PSMA6,PSMA4,30.40135,2.90636928833235,g1_to_g2
PSMA4,PSMA6,30.40135,1.3219552026578831,g2_to_g1
PSMA6,PSMA5,26.28615,-0.23839943403583191,g1_to_g2
PSMA5,PSMA6,26.28615,1.2834440456220555,g2_to_g1
PDCD6,PEF1,34.5891,0.42779302253140084,g1_to_g2
PEF1,PDCD6,34.5891,0.5097662700146564,g2_to_g1
PDCD6,CAPNS1,22.41735,0.42051969430398156,g1_to_g2
MCM7,MCM9,22.7704,0.5350311767809742,g2_to_g1
MCM6,MCM9,22.70815,-0.6218357908970958,g2_to_g1
MCM3,MCM9,20.91385,-0.36503105642863576,g2_to_g1
MCM2,MCM9,21.3957,-0.35909809949466054,g2_to_g1
KPNA6,KPNA4,47.5025,0.36055488763120747,g2_to_g1
ATF4,ATF5,25.5804,-2.0359611735057617,g1_to_g2
ATF5,ATF4,25.5804,-0.7375843593799467,g2_to_g1
PSMB7,PSMB4,20.34445,2.2865112982097577,g1_to_g2
PSMB4,PSMB7,20.34445,1.9604008107407684,g2_to_g1
PSMB7,PSMB10,57.09395,0.1493447520641969,g1_to_g2
PSMB7,PSMB3,20.37155,2.5679129207498232,g1_to_g2
PSMB3,PSMB7,20.37155,3.1232235341294405,g2_to_g1
RPUSD4,RPUSD3,25.0559,0.6389537341380065,g1_to_g2
RPUSD3,RPUSD4,25.0559,0.022876642712759316,g2_to_g1
CHMP3,CHMP2B,28.51795,1.3023425036562828,g2_to_g1
CHMP2A,CHMP2B,32.19765,0.00839427052868888,g2_to_g1
SACM1L,INPP5F,28.3273,0.06959579891841347,g2_to_g1
ZNF574,ZNF160,20.6963,-0.9476719063561444,g1_to_g2
ZNF574,ZNF526,31.6946,0.1290980695464879,g1_to_g2
ZNF574,ZNF181,20.21505,0.5336771559166731,g1_to_g2
ZNF574,ZNF84,23.2282,-0.038177281759098305,g1_to_g2
TIGD1,TIGD5,21.2854,-0.4833489038977225,g1_to_g2
TIGD1,JRK,21.75145,0.8805131031175725,g1_to_g2
EXOC1,STXBP6,20.58164,0.0996013662324996,g2_to_g1
ATP1A1,ATP2A2,29.05815,1.21433615744319,g1_to_g2
ATP2A2,ATP1A1,29.05815,0.1591213324434047,g2_to_g1
ATP1A1,ATP2A3,29.0842,-0.9070215932255902,g1_to_g2
ATP1A1,ATP2B1,27.31725,0.34785951722686714,g1_to_g2
NFYB,DR1,28.3844,0.5519346963238279,g1_to_g2
DR1,NFYB,28.3844,-1.4576994667017678,g2_to_g1
HECTD1,TRIP12,21.7167,0.470719285599819,g1_to_g2
DHX33,DHX29,20.8054,-0.26855593117449533,g2_to_g1
HUWE1,SMURF1,22.19292,-2.252347676476481,g1_to_g2
HUWE1,NEDD4,21.904645,-0.11076718791806645,g1_to_g2
CNOT2,CNOT3,20.6692,2.0833690583389766,g1_to_g2
CNOT3,CNOT2,20.6692,1.897032210795602,g2_to_g1
MOB4,MOB3B,22.68515,-0.8280371838663662,g2_to_g1
WDR5,POC1A,25.8923,-0.26003009715296943,g2_to_g1
PAFAH1B1,POC1A,21.2977,0.9718357857205657,g2_to_g1
SNRNP40,POC1A,23.92445,0.2731972273328094,g2_to_g1
PRMT1,PRMT6,31.6363,-0.3172429249784268,g1_to_g2
PRMT1,CARM1,26.47495,0.1410324893840546,g1_to_g2
PRMT1,PRMT3,38.00285,0.13163648660234903,g1_to_g2
CLK2,CLK4,56.1414,1.182286614302221,g2_to_g1
TWF1,TWF2,64.3778,0.2607543970791435,g2_to_g1
HLA-C,MICA,26.1365,0.743124151341788,g2_to_g1
BAP1,UCHL5,31.3857,-0.3448417455469549,g1_to_g2
HYOU1,HSPA4,26.4073,-1.3721698996538314,g2_to_g1
HSPA8,HSPA4,30.6708,-1.0246535417551192,g2_to_g1
RBMXL1,HNRNPA1,24.4231,-0.4826805157193897,g2_to_g1
CUL1,CUL3,30.82985,-0.14948369818739593,g1_to_g2
CUL3,CUL1,30.82985,0.06739463427300574,g2_to_g1
CUL1,CUL2,37.4909,-0.31611386502007827,g1_to_g2
CUL2,CUL1,37.4909,-0.5824899770951736,g2_to_g1
CUL1,CUL5,28.2778,0.06709473817224759,g1_to_g2
MOB4,MOB1A,21.3241,0.03608879000973808,g1_to_g2
MOB4,MOB3A,21.72655,-1.3290045180725394,g1_to_g2
HSP90B1,HSP90AA1,45.7004,0.20323071158875566,g2_to_g1
COPB2,COPA,23.62515,1.3118189085967018,g1_to_g2
COPA,COPB2,23.62515,-0.09288842289242893,g2_to_g1
RAD51,RAD51C,25.24245,0.1035056484333419,g1_to_g2
RAD51C,RAD51,25.24245,-0.6608703076976155,g2_to_g1
RAD51,RAD51D,20.99525,-0.12957584750283202,g1_to_g2
RAD51D,RAD51,20.99525,-0.3733959734576558,g2_to_g1
USP5,USP13,60.31425,0.09605706689041962,g1_to_g2
IFITM2,IFITM1,66.19695,-0.41690561521601854,g2_to_g1
IFITM3,IFITM1,68.2827,1.1339732522909625,g2_to_g1
GRSF1,HNRNPH1,32.97535,-0.09651840457248442,g1_to_g2
HNRNPH1,GRSF1,32.97535,0.4156159539493399,g2_to_g1
HSPD1,CCT7,21.3416,-0.48587020803157477,g1_to_g2
CCT7,HSPD1,21.3416,-0.976039185761175,g2_to_g1
IFITM3,IFITM2,90.56735,-2.268691197311113,g1_to_g2
CCNB1,CCNB2,52.07795,-0.53604889132185,g2_to_g1
COPS2,PSMD11,25.91125,-0.658345605118559,g1_to_g2
PSMD11,COPS2,25.91125,-0.01577474625242891,g2_to_g1
DDX1,DDX6,20.18825,1.090407999082887,g1_to_g2
DDX6,DDX1,20.18825,-0.09326804904352637,g2_to_g1
DDX1,EIF4A3,22.139,-0.7771465729563198,g1_to_g2
EIF4A3,DDX1,22.139,-1.5290952744902273,g2_to_g1
DDX1,EIF4A1,23.4586,-0.10306463930798576,g1_to_g2
EIF4A1,DDX1,23.4586,-0.02716852454554053,g2_to_g1
BRD4,BRD2,42.62705,-0.5030641889033002,g1_to_g2
BRD4,BRD3,45.29435,0.3560516657222302,g1_to_g2
PCBP1,FUBP3,21.19115,0.12438716146445603,g2_to_g1
PCBP2,FUBP3,20.97465,0.9109536648104224,g2_to_g1
HNRNPK,FUBP3,20.8833,-1.8335102557828393,g2_to_g1
BRIP1,DDX11,21.4244,0.3205271455536195,g1_to_g2
DDX11,BRIP1,21.4244,-0.48634714236132665,g2_to_g1
DLD,TXNRD1,27.6932,-2.7711308332706945,g1_to_g2
DLD,GSR,28.71455,0.5262398918697593,g1_to_g2
UBQLN4,UBL7,22.1217,-0.6390083712277883,g1_to_g2
UBQLN4,UBQLN1,61.51885,-0.840733268554536,g1_to_g2
DCLRE1B,DCLRE1C,20.11495,-1.8504816441446406,g2_to_g1
CCT3,CCT5,29.83465,0.4103336616444888,g1_to_g2
CCT5,CCT3,29.83465,-0.1115509312626064,g2_to_g1
CCT3,CCT4,31.9198,1.0531900710310924,g1_to_g2
CCT4,CCT3,31.9198,0.24449288435018657,g2_to_g1
CCT3,CCT7,30.88245,-0.9897384377187887,g1_to_g2
CCT7,CCT3,30.88245,0.17650556154287456,g2_to_g1
ARIH1,ARIH2,32.6929,0.5806674288261101,g1_to_g2
LSM6,SNRPF,45.843,-0.163378383152597,g1_to_g2
SNRPF,LSM6,45.843,-2.932608406725895,g2_to_g1
MEX3A,MEX3B,46.19085,0.5922102264117011,g1_to_g2
MEX3A,MEX3D,41.3371,0.49241663516422207,g1_to_g2
PPIL1,CWC27,30.12815,-0.3714984765558273,g2_to_g1
PPIH,CWC27,22.13985,0.12537438065719303,g2_to_g1
USP19,USP4,23.59695,-1.5400771195594427,g2_to_g1
USP8,USP4,21.26165,-0.7494687134925481,g2_to_g1
PRKRA,TARBP2,43.5644,-0.6412326294006011,g1_to_g2
CCND1,CCND3,51.44935,1.1853032515324446,g2_to_g1
GIT2,GIT1,66.9738,1.2684733038511844,g2_to_g1
IPO7,IPO8,64.48195,-0.5096554573488619,g1_to_g2
DDB1,CPSF1,20.4125,0.6030958397783885,g1_to_g2
CPSF1,DDB1,20.4125,-0.45026294912271403,g2_to_g1
PPIL1,PPIG,24.62367,1.61255596943174,g2_to_g1
PPIH,PPIG,31.7407,0.003980863764625753,g2_to_g1
DHX37,DHX38,22.50265,-0.539633762433168,g2_to_g1
DHX33,DHX38,30.8775,-1.6233805831214156,g2_to_g1
DHX8,DHX38,39.3955,-0.28399602730476525,g2_to_g1
CUL2,CUL3,26.97255,-1.8914641018491238,g1_to_g2
CUL3,CUL2,26.97255,1.333690578100878,g2_to_g1
CUL2,CUL5,25.8497,2.120468738065913,g1_to_g2
RCOR1,RCOR3,53.2149,0.5928277181196582,g1_to_g2
KLF7,KLF11,21.05755,-0.07782414103131913,g2_to_g1
RRM2,RRM2B,75.0628,-0.15317504310877908,g1_to_g2
PSMA4,PSMA1,26.33625,2.3221318816441463,g1_to_g2
PSMA1,PSMA4,26.33625,1.36542006290663,g2_to_g1
PSMA4,PSMA5,36.3126,1.8705930829586443,g1_to_g2
PSMA5,PSMA4,36.3126,2.810823281175978,g2_to_g1
TSSK3,PRKAA1,25.11715,0.6206455623876269,g2_to_g1
POLR2I,POLR3K,26.75185,-2.8639515624509766,g1_to_g2
POLR3K,POLR2I,26.75185,-0.4701373945486971,g2_to_g1
PEF1,CAPNS1,23.5705,-0.04620368071842977,g2_to_g1
HSP90B1,HSP90AB1,46.62115,-0.11325971462599371,g1_to_g2
ZNF468,ZNF766,50.4531,-0.33132610053097433,g1_to_g2
ZNF468,ZNF761,59.4255,-0.3754058278276833,g1_to_g2
CCNB1,CCNE2,21.05275,-0.9751061829695598,g1_to_g2
CSNK1A1,CSNK1G3,43.6049,0.6953017586637118,g2_to_g1
USP39,USP46,20.4848,-0.0033294220685685452,g2_to_g1
FAF2,FAF1,24.796,-0.09276066272767312,g1_to_g2
INO80,SMARCAD1,20.3784,-0.9166508803673841,g2_to_g1
DHX33,DHX57,22.21365,-0.3573597369613041,g2_to_g1
DHX8,DHX57,20.18935,0.6958232821999203,g2_to_g1
RBMXL1,HNRNPAB,21.1894,0.319583284830965,g2_to_g1
KIF14,KIF13B,20.8954,0.5649050108515956,g2_to_g1
PSMC3,PSMC6,39.27365,0.9840108862471416,g1_to_g2
PSMC6,PSMC3,39.27365,1.70909227085633,g2_to_g1
PSMC3,PSMC5,41.00925,1.7559270449153601,g1_to_g2
PSMC5,PSMC3,41.00925,4.107555758481452,g2_to_g1
GPN3,GPN2,37.7828,0.912620789442989,g1_to_g2
GPN2,GPN3,37.7828,-0.2220702061788478,g2_to_g1
GPN3,GPN1,21.3725,-0.8659939426211042,g1_to_g2
GPN1,GPN3,21.3725,-1.0834897516654172,g2_to_g1
SNRPA1,LRMDA,27.12565,-0.8803315066023294,g2_to_g1
PPP1CB,PPP1CC,88.00335,0.4872576826457105,g2_to_g1
PPP2CA,PPP1CC,45.59195,0.39657028850355963,g2_to_g1
TOMM40,TOMM40L,58.3633,-2.328226124338054,g1_to_g2
CSNK1A1,VRK1,27.18845,-0.3923468749901844,g2_to_g1
HNRNPK,PCBP1,24.5726,-1.2733294446974002,g1_to_g2
PCBP1,HNRNPK,24.5726,-1.2362638909045025,g2_to_g1
HNRNPK,PCBP2,26.30915,-0.13023812983210686,g1_to_g2
PCBP2,HNRNPK,26.30915,-0.09234826747806518,g2_to_g1
HNRNPK,KHSRP,20.2644,-4.287205346971067,g1_to_g2
HNRNPK,FUBP1,20.3938,-2.021789161915626,g1_to_g2
CA5A,CA8,33.29845,0.6175016415296891,g2_to_g1
CDC20,FZR1,38.7111,0.7024691387190731,g2_to_g1
SMARCE1,HMG20B,23.7476,2.585709313836393,g2_to_g1
UBA52,UBB,55.4159,-0.024490575058334463,g1_to_g2
UBA52,RPS27A,66.1358,1.3022416040766984,g1_to_g2
RPS27A,UBA52,66.1358,-2.171399246503966,g2_to_g1
UBA52,ISG15,20.80965,0.42511514717619014,g1_to_g2
UBA52,UBC,42.18925,1.425390651827644,g1_to_g2
UBC,UBA52,42.18925,-0.022270928671019596,g2_to_g1
ISG20L2,AEN,37.2316,-0.932323573110198,g2_to_g1
DDX47,DDX24,21.34835,-0.3693158364504439,g2_to_g1
RPS27A,UBB,46.3414,-0.8846938225756817,g2_to_g1
UBC,UBB,66.424,3.69885484247101,g2_to_g1
ERCC2,DDX11,20.0822,2.1219694706688235,g1_to_g2
DDX11,ERCC2,20.0822,-0.21914474667827472,g2_to_g1
ZNF687,ZNF592,31.7937,0.33101980830969957,g2_to_g1
AP2S1,AP4S1,43.3588,0.6297647129710114,g2_to_g1
DCUN1D5,DCUN1D4,62.68135,-1.575137313720215,g2_to_g1
DNM1,DNM2,78.8937,-0.4444355523948549,g1_to_g2
DNM2,DNM1,78.8937,1.939300113895891,g2_to_g1
DNM1,DNM1L,38.9996,-0.8095059415897987,g1_to_g2
DNM1L,DNM1,38.9996,0.19406444726323863,g2_to_g1
PDPK1,AKT1,25.6205,0.5361303960169674,g2_to_g1
SIN3A,SIN3B,51.45145,-0.41193948571256217,g2_to_g1
NSUN4,NSUN3,31.60845,0.11307407443949935,g2_to_g1
BUB1B,BUB1,20.80185,-0.009546423365080048,g1_to_g2
BUB1,BUB1B,20.80185,-0.027421004711351282,g2_to_g1
RAC1,RHOH,38.6426,-0.18085005921268954,g2_to_g1
RAC3,RHOH,38.6426,-0.3764610592737247,g2_to_g1
CDC42,RHOH,40.3141,0.3261219556913327,g2_to_g1
DHX37,DHX40,25.99085,1.335041323420378,g1_to_g2
DHX37,DHX33,29.3956,0.9630705153210721,g1_to_g2
DHX33,DHX37,29.3956,-0.32534718212731384,g2_to_g1
DHX37,DHX8,24.58605,1.1827399432061052,g1_to_g2
DHX8,DHX37,24.58605,-0.8928138434613516,g2_to_g1
DHX37,DHX34,20.9573,0.15125875463794677,g1_to_g2
RPS2,MRPS5,21.5196,1.848033084730626,g1_to_g2
MRPS5,RPS2,21.5196,-0.14273586452532697,g2_to_g1
TSSK3,SIK3,21.862855,-0.7079962729903604,g2_to_g1
NUDCD3,NUDC,27.7979,-0.6917126491097648,g1_to_g2
NUDC,NUDCD3,27.7979,0.3408489890712732,g2_to_g1
MYO1H,MYO9B,20.69145,-0.9295441380909157,g2_to_g1
CDK2,CDK13,25.307615,1.3724995115643726,g2_to_g1
RBM4,RBM4B,89.63085,0.8308862325214191,g1_to_g2
PRRC2A,PRRC2B,27.504,0.04237037734769353,g2_to_g1
PPP1R8,SLC4A1AP,20.7737,0.11327676154211708,g1_to_g2
SLC25A3,SLC25A26,21.82705,0.5835641597557659,g1_to_g2
SLC25A26,SLC25A3,21.82705,-0.32254800959191193,g2_to_g1
DHX33,DHX32,24.42885,0.1525834450378604,g2_to_g1
DHX8,DHX32,24.1461,-0.6059006502971463,g2_to_g1
CTBP2,CTBP1,78.97385,1.5179461128667955,g1_to_g2
CTBP2,PHGDH,24.53405,-0.7759944816470283,g1_to_g2
ATP2A2,ATP2A3,75.0946,0.3396544047468983,g1_to_g2
ATP2A2,ATP2B1,27.1353,0.593731329332046,g1_to_g2
SIGLEC14,CD33,39.2802,-2.9280002266937575,g2_to_g1
CHMP5,CHMP4C,23.03095,0.7114859797763253,g1_to_g2
PDPK1,PRKCQ,21.54045,-0.405970221148257,g2_to_g1
PSMB3,PSMB10,20.07145,-0.5012635490985229,g1_to_g2
UBE2H,UBE2I,25.35625,-0.09162302180236086,g1_to_g2
UBE2I,UBE2H,25.35625,1.1133655919629328,g2_to_g1
UBE2H,UBE2K,24.0683,-0.24932416353306366,g1_to_g2
UBE2H,UBE2T,28.9867,0.468957508751832,g1_to_g2
PMPCA,PMPCB,30.61055,1.125292724511082,g1_to_g2
PMPCB,PMPCA,30.61055,-0.7878934426164819,g2_to_g1
PMPCA,UQCRC1,28.11605,-1.9046898446464484,g1_to_g2
UQCRC1,PMPCA,28.11605,-1.0506918115472985,g2_to_g1
SLC35G6,SLC35G2,26.6595,-0.9986235156928728,g1_to_g2
USP8,USP2,21.3977,-0.4540057318080046,g1_to_g2
SRSF11,SREK1,44.7579,0.4303007214372858,g2_to_g1
TRPM7,TRPM4,23.59455,-0.44755932112831043,g1_to_g2
RBMXL1,HNRNPD,20.1788,-0.1501608447368265,g2_to_g1
CTCF,ZNF181,20.16805,-1.028114100153464,g1_to_g2
CTCF,ZNF84,21.5712,-0.7879979611852915,g1_to_g2
RPS27,RPS27L,96.4286,0.016055614772944815,g1_to_g2
RBMXL1,HNRNPDL,20.02745,0.08936098891250582,g2_to_g1
KIF14,KIF1C,23.0039,-0.8696434598270838,g2_to_g1
HYOU1,HSPA4L,25.65685,-1.2667132485828816,g2_to_g1
HSPA8,HSPA4L,29.5907,0.592735899595219,g2_to_g1
PCBP2,PCBP1,83.01415,-0.8884881516008578,g1_to_g2
PCBP1,PCBP2,83.01415,-1.7068847260254205,g2_to_g1
RFC4,RFC5,35.88475,0.1947152284358483,g1_to_g2
RFC5,RFC4,35.88475,1.582737526685478,g2_to_g1
EEF2,GFM1,22.099,0.7147106512688921,g1_to_g2
GFM1,EEF2,22.099,-0.06697096070488318,g2_to_g1
EEF2,EFL1,33.5512,0.9031504677659875,g1_to_g2
EEF2,GFM2,20.69575,0.7420984741231991,g1_to_g2
CSNK1A1,CSNK1G1,44.831,0.47831763405301564,g2_to_g1
PIAS4,PIAS1,42.3123,0.8264928664050893,g1_to_g2
WDR5,POC1B,23.1416,1.3744518324869488,g1_to_g2
WDR5,PAFAH1B1,23.90535,2.0694672692216796,g1_to_g2
PAFAH1B1,WDR5,23.90535,-0.5727602339204435,g2_to_g1
WDR5,SNRNP40,24.91905,0.9344702647964752,g1_to_g2
SNRNP40,WDR5,24.91905,-0.3471554613526945,g2_to_g1
PSMB4,PSMB10,20.11735,-0.31906440622523563,g2_to_g1
RBMXL1,CIRBP,31.7314,0.11269183663882042,g2_to_g1
DDX54,DDX56,20.0018,-0.0634823308503597,g1_to_g2
DDX56,DDX54,20.0018,-0.779924031015947,g2_to_g1
DDX54,EIF4A1,21.7687,0.15124359931754067,g1_to_g2
EIF4A1,DDX54,21.7687,0.2883196811708664,g2_to_g1
PMPCB,UQCRC1,55.1131,-0.9060984216117804,g1_to_g2
UQCRC1,PMPCB,55.1131,0.4741967008919071,g2_to_g1
SMN2,SMN1,100.0,-4.328774686817319,g2_to_g1
DCUN1D5,DCUN1D1,28.68545,0.4604665932745925,g1_to_g2
PSMC6,PSMC5,45.55545,2.1267051287166296,g1_to_g2
PSMC5,PSMC6,45.55545,2.0558813324522807,g2_to_g1
KLF7,KLF1,26.72425,0.17232717250243101,g2_to_g1
SSBP3,SSBP2,80.36765,1.318388334136358,g2_to_g1
DERL2,DERL1,34.7147,0.5031308545602844,g2_to_g1
KPNA6,KPNA5,84.2797,0.3542016350724008,g2_to_g1
RPS27A,UBC,34.23495,2.4856347762103783,g1_to_g2
UBC,RPS27A,34.23495,-0.10654634679667652,g2_to_g1
AP2S1,AP3S2,35.44845,0.5508086938440903,g2_to_g1
RAD51C,RAD51D,22.2626,-0.26342269670594176,g1_to_g2
RAD51D,RAD51C,22.2626,0.2564792779675864,g2_to_g1
CCT5,CCT4,36.85195,0.9900097436156261,g1_to_g2
CCT4,CCT5,36.85195,0.5381913467336001,g2_to_g1
CCT5,CCT7,28.59785,-0.41066424865190176,g1_to_g2
CCT7,CCT5,28.59785,0.37021598061803007,g2_to_g1
DHX33,YTHDC2,20.60885,-0.1058750977961842,g2_to_g1
HNRNPU,HNRNPUL1,40.82295,0.5361858003627543,g2_to_g1
ACTR8,ACTR1B,21.0976,0.13669115595023976,g1_to_g2
ACTR1B,ACTR8,21.0976,0.0543402984563193,g2_to_g1
RPLP1,RPLP0,30.41255,-1.2986140019503858,g1_to_g2
RPLP0,RPLP1,30.41255,-2.146495811444699,g2_to_g1
RPLP1,RPLP2,40.17545,-0.25177014876400555,g1_to_g2
RPLP2,RPLP1,40.17545,-1.8513685388388026,g2_to_g1
CSNK1A1,CSNK1D,63.1797,-0.33655565973251644,g1_to_g2
CSNK1A1,TTBK2,22.06162,0.79447922645,g1_to_g2
RAC3,RHOT2,24.91655,0.552233698094315,g2_to_g1
CDC42,RHOT2,24.33075,-0.05106137481885492,g2_to_g1
IMPDH2,IMPDH1,77.1797,-1.1791150414154208,g2_to_g1
ZNF253,ZNF100,45.22605,-0.6161809099184036,g2_to_g1
MYO1H,MYO19,23.2338,0.28138239436073725,g2_to_g1
RSL24D1,RPL24,33.13665,1.0416480091340634,g1_to_g2
RPL24,RSL24D1,33.13665,-1.630158740155604,g2_to_g1
ORC1,CDC6,22.10365,-0.13666476699557806,g1_to_g2
CDC6,ORC1,22.10365,0.20251231298593958,g2_to_g1
KLF7,KLF13,22.72465,0.6178330212335931,g2_to_g1
MCM3,MCM6,28.7311,0.5022335626278926,g1_to_g2
MCM6,MCM3,28.7311,-0.3216800684570719,g2_to_g1
MCM3,MCM2,28.59455,0.3577269297434923,g1_to_g2
MCM2,MCM3,28.59455,0.358675122773702,g2_to_g1
MCM3,MCM7,32.067,0.02965653043479549,g1_to_g2
MCM7,MCM3,32.067,-0.3957784766792704,g2_to_g1
MCM3,MCM4,26.3601,0.7232690755448223,g1_to_g2
MCM4,MCM3,26.3601,1.0563516621947835,g2_to_g1
RPLP0,RPLP2,28.44055,-1.306786070356718,g1_to_g2
RPLP2,RPLP0,28.44055,-1.3692469365206983,g2_to_g1
PABPC1,PABPC4,76.56945,-4.278700633623868,g2_to_g1
TARDBP,PABPC4,20.24265,0.21632255735132128,g2_to_g1
RAC3,RHOBTB3,26.01095,0.33361756187274094,g2_to_g1
CDC42,RHOBTB3,23.3657,-0.10584286469624404,g2_to_g1
DNAJA1,DNAJA2,56.38525,0.0752506162373161,g1_to_g2
CHMP2A,CHMP3,27.4775,-0.8030599563707247,g1_to_g2
CHMP3,CHMP2A,27.4775,1.3269246069270126,g2_to_g1
ELOVL1,ELOVL2,32.3761,1.0659427813952789,g2_to_g1
MCM7,MCM6,28.9582,-0.10221600755109289,g1_to_g2
MCM6,MCM7,28.9582,-1.1055838455608404,g2_to_g1
MCM7,MCM2,27.0926,0.44252955730696886,g1_to_g2
MCM2,MCM7,27.0926,-0.544031931941799,g2_to_g1
MCM7,MCM4,27.2804,-0.7864479716696857,g1_to_g2
MCM4,MCM7,27.2804,0.6345102201053583,g2_to_g1
YBX1,YBX3,55.14735,-1.4657091485558573,g1_to_g2
USP7,USP48,20.5162,0.7119733787594585,g1_to_g2
PPP1CB,PPP3CC,33.0741,0.4574992177610653,g2_to_g1
PPP2CA,PPP3CC,32.4336,0.9541127798681515,g2_to_g1
EXOSC5,EXOSC4,24.594,-0.14857310265165952,g1_to_g2
EXOSC4,EXOSC5,24.594,0.04019543190845587,g2_to_g1
SF3B4,ELAVL1,21.9752,-0.38241209362317385,g2_to_g1
TSSK3,SNRK,25.19265,0.08689630355412534,g1_to_g2
ELL,ELL2,47.7507,-0.7921960793687629,g1_to_g2
AP2M1,AP4M1,26.3622,-0.5333839920990238,g2_to_g1
USF2,USF1,52.29165,0.837475332986871,g2_to_g1
CLK2,DYRK4,20.7715,-0.3861403114145297,g2_to_g1
DPY19L2,DPY19L4,23.6459,-0.6476736513624362,g1_to_g2
SP2,SP3,31.0099,-0.6917794196943351,g2_to_g1
RBMXL1,HNRNPA2B1,23.91045,-1.0680259545290962,g2_to_g1
UBE2I,UBE2K,24.3576,0.08702887024798799,g2_to_g1
GRPEL1,GRPEL2,42.5479,-0.10529197576037104,g2_to_g1
PABPC1,TARDBP,20.3377,1.0338198034725057,g1_to_g2
TARDBP,PABPC1,20.3377,0.10041363598830111,g2_to_g1
TADA2A,TADA2B,28.52545,-1.1869719606234665,g2_to_g1
GPN1,GPN2,21.23855,-1.7106741600885662,g1_to_g2
GPN2,GPN1,21.23855,0.33978653371060663,g2_to_g1
CLK2,CLK3,61.27905,1.076782246009199,g2_to_g1
SRCAP,EP400,22.7044,0.25784560915193766,g1_to_g2
EP400,SRCAP,22.7044,0.22434152054831114,g2_to_g1
SRCAP,SMARCA5,20.03665,0.7628370152461693,g1_to_g2
HOXC10,HOXC8,20.463,-0.6753035349356985,g1_to_g2
HOXC10,HOXB7,21.8436,0.20812823452533932,g1_to_g2
HOXC10,HOXC9,26.065,0.9228381080330785,g1_to_g2
HOXC10,HOXB9,26.3111,-0.1784475073303788,g1_to_g2
HOXC10,HOXC6,21.17895,0.2627484099461105,g1_to_g2
PPP1CB,PPP5C,27.0823,0.3098435287850849,g2_to_g1
PRRC2A,PRRC2C,29.35485,-0.5965177397985426,g1_to_g2
CLK2,CLK1,53.72565,0.4845178361272935,g2_to_g1
HMGN2,HMGN3,47.00855,-0.7132998325241465,g2_to_g1
EIF4E,EIF4E2,31.71825,-1.32518744911708,g1_to_g2
NPEPPS,LNPEP,27.55105,-0.04186753328855431,g2_to_g1
METAP1,METAP1D,39.0302,1.1197070737258283,g1_to_g2
PPP1CB,PPP2CB,44.6899,0.7200340903834055,g2_to_g1
TM7SF2,DHCR7,36.2057,0.22148657368854918,g2_to_g1
DDX23,DDX6,20.39745,1.6045720296347974,g1_to_g2
DDX6,DDX23,20.39745,0.39814759017643303,g2_to_g1
DDX23,DDX39A,21.54665,-0.014498774748329724,g1_to_g2
DDX23,DDX59,23.1054,-0.7793825210302795,g1_to_g2
DDX59,DDX23,23.1054,-0.916379414780766,g2_to_g1
DDX23,EIF4A1,22.0954,1.3762350251893898,g1_to_g2
EIF4A1,DDX23,22.0954,-1.8011814582187238,g2_to_g1
ARHGAP11B,ARHGAP11A,54.7849,-14.170002699222996,g2_to_g1
SETD1A,SETD1B,35.95335,-1.0623690648551245,g1_to_g2
DDX51,DDX39A,20.37015,-0.35420417119193515,g1_to_g2
DNM1L,DNM2,39.3775,-0.5590415156249879,g1_to_g2
DNM2,DNM1L,39.3775,1.5361050942340233,g2_to_g1
NAE1,SAE1,23.09975,-0.8472281219224113,g1_to_g2
SAE1,NAE1,23.09975,-1.2786285393196373,g2_to_g1
DHX33,DHX40,32.6473,0.5197722406357254,g1_to_g2
DHX33,DHX8,33.6232,0.6735671460030412,g1_to_g2
DHX8,DHX33,33.6232,-0.4596359694735446,g2_to_g1
DHX33,DHX34,26.6706,0.8050133465797803,g1_to_g2
DDX10,DDX6,21.3681,-0.15885624118200548,g1_to_g2
DDX6,DDX10,21.3681,0.7480468949337208,g2_to_g1
AP2S1,AP3S1,37.8932,0.2621543172302596,g2_to_g1
USP19,USP2,20.90385,-0.486709310280142,g2_to_g1
DHX8,DHX40,31.23505,0.10461237442192683,g2_to_g1
PPWD1,PPIL3,32.20055,1.884074804954094,g1_to_g2
PPWD1,PPIB,24.4016,-0.20354762818630134,g1_to_g2
CUL3,CUL5,24.6785,0.4801208996641185,g1_to_g2
AP2M1,AP1M1,40.10105,0.19658391282321253,g1_to_g2
AP2M1,AP3M2,24.62875,1.8266876228837245,g1_to_g2
SNRNP40,POC1B,22.75325,-0.24332500843826785,g2_to_g1
INO80,SMARCA5,24.37665,0.6534371005046532,g2_to_g1
YJEFN3,NAXE,40.21855,-0.2834774206751325,g2_to_g1
HNRNPR,SYNCRIP,83.1263,0.3593156086537269,g2_to_g1
SRSF3,SRSF9,32.39845,1.7302252932391855,g2_to_g1
ZC3H8,ZC3H4,21.01945,-0.49088671545865475,g2_to_g1
KPNA6,KPNA1,81.00585,1.5715524765124562,g1_to_g2
DDX20,DDX6,20.68915,0.6265878992522597,g1_to_g2
DDX6,DDX20,20.68915,1.4481244832779272,g2_to_g1
DDX20,DDX39A,22.22195,-0.9151134536080404,g1_to_g2
DDX20,EIF4A1,24.26585,-0.06997422669125603,g1_to_g2
EIF4A1,DDX20,24.26585,1.258471325090061,g2_to_g1
U2AF2,UHMK1,21.3365,-0.26699516874921736,g1_to_g2
HYOU1,HSPA1B,24.8423,-0.5939011134094038,g1_to_g2
HYOU1,HSPA8,25.7448,0.119864279105234,g1_to_g2
HSPA8,HYOU1,25.7448,0.41177768987142094,g2_to_g1
PDPK1,AKT2,26.3674,-0.635116810115789,g2_to_g1
GFM1,GFM2,33.9983,-0.6293960575082707,g2_to_g1
PPP2CA,PPP1CB,44.06045,0.473901309060155,g1_to_g2
PPP1CB,PPP2CA,44.06045,-0.720190127965473,g2_to_g1
CHMP7,CHMP4C,20.7979,0.135009647976103,g1_to_g2
TM7SF2,LBR,48.8231,-0.5600082174524528,g1_to_g2
DHX8,DHX34,21.2668,-0.25820730337787656,g1_to_g2
SRSF10,SRSF8,30.18785,-0.9521642965051013,g2_to_g1
PC,MCCC1,27.8526,0.018538708238672347,g1_to_g2
SLC4A5,SLC4A7,44.01355,0.07976654249068815,g1_to_g2
NCKAP1,NCKAP1L,58.89135,1.2653038220203998,g2_to_g1
EEF1B2,EEF1D,41.6308,-0.3903259727569861,g2_to_g1
RGPD6,RANBP2,70.27115,-0.07123630780965909,g1_to_g2
POLR3B,POLR1B,29.98235,0.0476170721460655,g1_to_g2
POLR1B,POLR3B,29.98235,-0.03081866106394371,g2_to_g1
CCT4,CCT7,31.7934,-1.2040066452688376,g1_to_g2
CCT7,CCT4,31.7934,1.5992118901457775,g2_to_g1
HNRNPL,PTBP2,25.7834,-1.3277440905066873,g1_to_g2
TOP2A,TOP2B,68.16435,-1.9569889236788411,g2_to_g1
SRSF2,SRSF10,37.95465,0.9918395791741071,g1_to_g2
SRSF10,SRSF2,37.95465,-1.3238761573009954,g2_to_g1
HSPA8,HSPA1B,85.62675,2.619644745450612,g2_to_g1
SF1,QKI,24.0616,1.180019624813229,g2_to_g1
CLK2,DYRK3,21.67245,0.14919957783449134,g2_to_g1
MCM4,MCM6,25.19385,0.9282957889233638,g1_to_g2
MCM6,MCM4,25.19385,-0.17249822577620738,g2_to_g1
MCM4,MCM2,27.51905,-0.22037640210548673,g1_to_g2
MCM2,MCM4,27.51905,-1.3022417720236896,g2_to_g1
EIF4G2,EIF4G3,22.34055,-0.34546526946093237,g1_to_g2
SRSF3,SRSF4,29.23865,-0.7440396652368982,g2_to_g1
CDC42,RHOT1,24.64865,0.18520554120934338,g2_to_g1
CPSF3,INTS11,34.25875,-0.28866971109848505,g1_to_g2
TNNT2,TNNT1,57.70845,0.7964745661844029,g2_to_g1
NBPF15,NBPF1,66.96665,1.3473199223949992,g1_to_g2
THAP1,THAP3,25.7489,-0.1494979610743531,g1_to_g2
ATP6V1A,ATP6V1B2,25.04385,-0.1808388158807172,g1_to_g2
ATP6V1B2,ATP6V1A,25.04385,-0.26915276428009594,g2_to_g1
DCAF6,DCAF8,22.22155,0.4943346625980024,g1_to_g2
DCAF6,WDTC1,23.76915,0.5920319241480133,g1_to_g2
WDTC1,DCAF6,23.76915,0.03396962637401084,g2_to_g1
MCM6,MCM2,26.0313,0.7243482452227709,g1_to_g2
MCM2,MCM6,26.0313,0.3273234941159298,g2_to_g1
GON4L,YY1AP1,62.01775,-0.8697152737904033,g1_to_g2
PSMA1,PSMA5,29.0236,1.904732000881618,g1_to_g2
PSMA5,PSMA1,29.0236,1.8889775370854303,g2_to_g1
KIF14,KIF1A,21.38035,-0.008651899190944279,g2_to_g1
NFYC,POLE4,20.18115,2.8863858091965353,g1_to_g2
CMPK1,AK2,28.28125,-0.03763086267601734,g2_to_g1
WDTC1,DCAF8,23.01065,1.4811277634318951,g2_to_g1
NBPF3,NBPF1,49.15485,-0.045164146475545175,g1_to_g2
UQCRH,UQCRHL,96.7033,-6.1467080024335905,g2_to_g1
KIF14,KIF1B,20.5449,-0.8600869341069883,g2_to_g1
NBPF12,NBPF1,84.08135,-0.6728422427699483,g1_to_g2
