dep_gene,paralog_gene,mean_identical_score,delta_z,direction,paralog_ctrl_mean_z
PCDH1,PCDH11Y,34.44735,-0.033850789070129395,g2_to_g1,1.1286672353744507
RFC3,RFC4,25.59355,-0.6623861789703369,g1_to_g2,-0.3331208825111389
RFC3,RFC5,25.58825,1.0369067788124084,g1_to_g2,-0.5992624163627625
RFC3,RFC2,24.78895,-0.02266468107700348,g1_to_g2,0.14270825684070587
POU4F1,POU1F1,27.3684,,g1_to_g2,
POU4F1,POU3F2,25.07745,-0.22586939483880997,g1_to_g2,0.18494069576263428
POU4F1,POU4F3,67.3497,-0.8046483397483826,g1_to_g2,0.39114633202552795
POU4F1,POU3F4,27.3306,1.186835527420044,g1_to_g2,0.5971049070358276
POU4F1,POU2F2,20.34495,0.03255867958068848,g1_to_g2,-1.015005111694336
POU4F1,POU3F3,24.7845,-0.39124795794487,g1_to_g2,-0.47593268752098083
POU4F1,POU3F1,24.63105,-0.9699484407901764,g1_to_g2,0.2731350362300873
POU4F1,POU2F3,23.40105,-8.653341874480247,g1_to_g2,8.549330711364746
POU4F1,POU5F1B,21.98165,-2.516755754360929,g1_to_g2,-0.0025287324097007513
POU4F1,POU5F1,21.94875,0.9708013385534286,g1_to_g2,-0.13047830760478973
POU4F1,POU4F2,61.12005,-2.768022656440735,g1_to_g2,1.0461666584014893
CELF1,CELF4,43.83435,0.9961370825767517,g2_to_g1,0.8431695103645325
SASH1,SAMSN1,27.8631,0.8947023265063763,g2_to_g1,-0.8547168374061584
PDS5B,PDS5A,66.26725,0.30017784237861633,g1_to_g2,0.232589453458786
SYNJ1,SYNJ2,44.08175,1.4338380098342896,g1_to_g2,-0.8359168171882629
HNRNPA2B1,HNRNPA1L2,62.99855,-0.8601442500948906,g2_to_g1,0.7980344295501709
HSPA5,HSPA13,30.86105,-1.2698868215084076,g2_to_g1,-0.37252750992774963
HSPA9,HSPA13,27.8682,0.9643621742725372,g2_to_g1,-0.37252750992774963
CTSD,BACE2,24.40305,0.0,g2_to_g1,-0.45466750860214233
ADARB2,ADAD2,21.3257,-1.7563766241073608,g1_to_g2,1.489302635192871
ADARB2,ADAD1,22.2429,0.0,g1_to_g2,-0.07372097671031952
ADARB2,ADAR,24.39945,1.959128811955452,g1_to_g2,-0.16742153465747833
ADARB2,ADARB1,51.1467,0.3859677165746689,g1_to_g2,-0.25341954827308655
OSBPL6,OSBPL2,26.0205,0.5281450748443604,g2_to_g1,1.3223850727081299
XIAP,BIRC7,24.155,5.424314171075821,g2_to_g1,-0.29528966546058655
PCDH1,PCDH20,23.8071,3.1353370547294617,g2_to_g1,-0.7072629332542419
ATP1A3,ATP12A,63.65545,0.0,g2_to_g1,-0.6287463903427124
BAX,BCL2,21.133,0.6354310512542725,g2_to_g1,-0.31427744030952454
DNM2,MX1,26.6,1.8359211012721062,g2_to_g1,-0.09711676090955734
HSPA5,HSPH1,26.54135,-1.3242801427841187,g2_to_g1,0.3232477903366089
HSPA9,HSPH1,22.689,0.7120698690414429,g2_to_g1,0.3232477903366089
HYOU1,HSPH1,25.4564,-1.6398118734359741,g2_to_g1,0.3232477903366089
DNM2,MX2,23.82405,0.0,g2_to_g1,-0.2795644998550415
TOP1,TOP1MT,59.71875,0.14115488529205322,g1_to_g2,0.6318705677986145
SOD1,CCS,37.5296,-0.968005359172821,g1_to_g2,-0.6301750540733337
SOD1,SOD3,33.0465,0.024057090282440186,g1_to_g2,0.5329925417900085
TFAM,HMGB1,21.7905,-0.5616535693407059,g1_to_g2,-0.06320171058177948
TFAM,HMGB2,20.3544,0.5606349557638168,g1_to_g2,-0.24122895300388336
TFAM,HMGB3,21.30285,-1.2001214921474457,g1_to_g2,0.7013160586357117
TRPM7,TRPM2,23.9705,0.0,g2_to_g1,-0.2691299319267273
REEP2,REEP3,49.50905,-0.8671736866235733,g2_to_g1,0.218638613820076
OSBPL6,OSBPL3,57.6991,-0.4310283325612545,g2_to_g1,0.04856511577963829
CREBBP,EP300,58.4451,-0.580758735537529,g1_to_g2,0.07560311257839203
VPS13A,VPS13C,39.71735,0.12101596593856812,g1_to_g2,0.924785315990448
VPS13C,VPS13A,39.71735,0.004879161715507507,g2_to_g1,-0.1494712382555008
FAM171A2,FAM171A1,38.51515,1.4607906639575958,g2_to_g1,0.3419182002544403
AP2A2,AP1G2,25.25955,0.35510052740573883,g2_to_g1,-0.15443658828735352
FGD4,FGD3,35.68455,2.247083067893982,g2_to_g1,-0.6861023902893066
BIN1,AMPH,46.87785,0.7612771540880203,g2_to_g1,-0.8924424052238464
ELOVL5,ELOVL7,34.516,-0.14821815490722656,g2_to_g1,0.35915374755859375
GSR,TXNRD2,37.285,0.840229406952858,g2_to_g1,0.04928307235240936
PPP2R2B,PPP2R2C,85.8444,1.4058188796043396,g2_to_g1,-0.5962357521057129
PPP2R2B,PPP2R2D,83.7158,-0.14149175584316254,g2_to_g1,0.3779665231704712
CNTNAP2,CNTNAP4,47.5974,2.157471001148224,g2_to_g1,-0.5769175887107849
UBA5,MOCS3,24.64055,0.4205758348107338,g2_to_g1,0.08072837442159653
AFG3L2,SPG7,39.5729,-0.5629968121647835,g1_to_g2,0.09197176247835159
SPG7,AFG3L2,39.5729,-0.6242455840110779,g2_to_g1,0.23820760846138
AFG3L2,YME1L1,31.28595,-0.8049470633268356,g1_to_g2,0.5932530164718628
FARP1,FRMD7,31.9441,-0.17476797103881836,g1_to_g2,0.488784521818161
FARP1,FARP2,54.40785,1.4809560775756836,g1_to_g2,0.18281841278076172
THAP1,THAP2,31.3288,0.5494069755077362,g2_to_g1,-0.33077356219291687
HNRNPA2B1,RBMXL2,22.75685,-1.83542999625206,g2_to_g1,1.59367036819458
ANO10,ANO3,22.81065,0.257120281457901,g2_to_g1,0.45565536618232727
VCP,PEX1,23.5344,-0.6517408564686775,g2_to_g1,0.7056971788406372
PLD3,PLD4,41.77785,0.0,g2_to_g1,-0.23364217579364777
RGS2,RGS10,22.068,-1.1713060140609741,g2_to_g1,0.5121527910232544
BECN1,BECN2,54.96315,,g1_to_g2,
KIF1B,KIF13A,28.8321,1.79406301304698,g2_to_g1,0.037942249327898026
SEC24B,SEC24A,56.3877,-0.8165380507707596,g1_to_g2,0.6738975644111633
SEC24B,SEC24D,25.1342,-0.13407295942306519,g1_to_g2,-0.6325005888938904
BIN1,BIN2,33.18,0.0,g2_to_g1,-0.07372097671031952
PON2,PON3,65.5367,0.0,g2_to_g1,-0.25163283944129944
PON2,PON1,66.0086,2.6588134169578552,g2_to_g1,-0.6303078532218933
OSBPL6,OSBP,25.639,1.7111827582120895,g2_to_g1,-0.2136778086423874
IGF1R,INSR,56.82235,-1.0713775753974915,g2_to_g1,-0.34378546476364136
NTRK2,INSR,20.03165,0.8259453177452087,g2_to_g1,-0.34378546476364136
ELOVL5,ELOVL2,55.12745,-1.3532111942768097,g1_to_g2,-0.1437576711177826
ELOVL5,ELOVL4,39.1752,-1.4048497676849365,g1_to_g2,0.2722318172454834
ELOVL5,ELOVL1,33.60425,0.8794418424367905,g1_to_g2,0.21961571276187897
ELOVL5,ELOVL3,23.259,0.0,g1_to_g2,-0.4956125319004059
ELOVL5,ELOVL6,22.7778,0.31838351488113403,g1_to_g2,0.36013132333755493
CELF1,CELF5,43.8808,0.35745924711227417,g2_to_g1,0.16926485300064087
VAPB,VAPA,61.39125,-0.9827102422714233,g2_to_g1,-0.4546337127685547
TRAP1,HSP90B1,29.5902,-0.5038212090730667,g1_to_g2,0.3058079183101654
TRAP1,HSP90AB1,31.79895,0.5450191758573055,g1_to_g2,-0.0377371571958065
TRAP1,HSP90AA1,31.76695,0.05988466739654541,g1_to_g2,0.4076951742172241
WDR45,WIPI1,25.60165,-2.02448108792305,g2_to_g1,0.34031227231025696
ANO10,ANO4,23.5729,1.7826389595866203,g2_to_g1,-1.8715481758117676
HSPA5,HSPA14,29.87105,-0.7664618641138077,g2_to_g1,0.144033744931221
HSPA9,HSPA14,25.9523,-1.298169568181038,g2_to_g1,0.144033744931221
HYOU1,HSPA14,20.90775,-0.5322314649820328,g2_to_g1,0.144033744931221
FGD4,FGD6,20.41595,1.0373131036758423,g2_to_g1,0.9777003526687622
CASP3,CASP14,30.1951,,g2_to_g1,
CNTNAP2,CNTNAP3B,45.6022,-2.6799851655960083,g2_to_g1,0.15978896617889404
PCDH1,PCDH9,37.8335,0.47510091960430145,g2_to_g1,-0.6255423426628113
STX1B,STX7,21.54575,-0.8232812695205212,g2_to_g1,-0.022760171443223953
ECHS1,AUH,29.1115,0.7779704034328461,g2_to_g1,-0.19496998190879822
ANO10,ANO7,23.34475,-2.4525248408317566,g1_to_g2,0.609822690486908
ANO10,ANO8,22.6867,0.26997703313827515,g1_to_g2,-0.6119879484176636
ANO10,ANO6,23.39575,-2.9906628131866455,g1_to_g2,1.4393008947372437
ANO10,ANO5,22.18875,-0.4724658727645874,g1_to_g2,1.1670124530792236
STX1B,STX1A,82.2917,0.29595666751265526,g1_to_g2,-0.3289034962654114
STX1B,STX3,59.2723,-1.138743869960308,g1_to_g2,0.05406605452299118
STX1B,STX2,63.1944,-0.9056835472583771,g1_to_g2,1.2459105253219604
STX1B,STX4,46.5067,-0.39258329570293427,g1_to_g2,-0.14780022203922272
STX1B,STX17,21.36795,0.32130348682403564,g1_to_g2,-0.08730991184711456
STX1B,STX5,20.7541,1.0405253469944,g1_to_g2,-0.7493349313735962
STX1B,STX12,24.1244,-0.821844607591629,g1_to_g2,0.33551284670829773
STX1B,STX16,22.59455,-0.22926852107048035,g1_to_g2,0.6942893862724304
STX1B,STX19,29.21275,-0.5085281729698181,g1_to_g2,-0.6299199461936951
STX1B,STX11,32.69575,0.0,g1_to_g2,-0.104180246591568
FRMD4A,FRMD4B,46.9853,-2.627203792333603,g2_to_g1,-0.3108297884464264
UBTD2,UBTD1,64.22305,0.364312008023262,g1_to_g2,-0.13079193234443665
ADAM10,ADAM33,20.5353,0.0,g2_to_g1,-0.2447337955236435
PMPCA,UQCRC2,25.08485,-0.23708824068307877,g2_to_g1,0.06332797557115555
SCO2,SCO1,35.0542,-1.1927840914577246,g1_to_g2,1.2116034030914307
SH3RF1,SH3RF3,47.45815,0.7930187154561281,g1_to_g2,-0.009965794160962105
SH3RF1,SH3RF2,31.59805,,g1_to_g2,
EPC2,EPC1,54.939,0.5957671739161015,g2_to_g1,-0.034220073372125626
DYNC1H1,DNAH6,21.3514,-1.9118784666061401,g2_to_g1,0.4819236993789673
WWOX,RDH11,31.97065,1.0355662256479263,g2_to_g1,-0.22046323120594025
WWOX,RDH12,33.4801,-2.1252910494804382,g2_to_g1,1.2036443948745728
ATP1A3,ATP2A1,29.7984,0.0,g2_to_g1,-1.2380458116531372
PVR,NECTIN3,21.30885,0.22792017459869385,g2_to_g1,-0.8184594511985779
CNTNAP2,NRXN3,22.4832,-0.9300296418368816,g2_to_g1,0.947710394859314
SCFD1,STXBP2,21.4102,0.13170377537608147,g1_to_g2,-0.18744871020317078
SASH1,SASH3,28.49805,,g2_to_g1,
ADAM10,ADAM8,20.7865,-0.964183434844017,g2_to_g1,0.13777177035808563
ECHS1,ECHDC3,29.019,0.0,g1_to_g2,-0.38955357670783997
ECHS1,HIBCH,27.77915,0.12108063697814941,g1_to_g2,-0.8882088661193848
ECHS1,ECH1,25.33855,1.1996547281742096,g1_to_g2,-0.8685691356658936
ECHS1,ECHDC2,34.021,-1.164299190044403,g1_to_g2,0.42341840267181396
PARP1,PARP2,31.1056,0.02801424264907837,g2_to_g1,-0.31635215878486633
OSBPL6,OSBPL1A,24.63025,-0.007474064826965332,g2_to_g1,-1.3695926666259766
PFN1,PFN3,43.32635,0.0,g2_to_g1,-0.5468161702156067
COX10,COQ2,20.3063,-0.6849663686007261,g1_to_g2,0.028794867917895317
ADAM10,ADAM11,20.17525,-3.717345416545868,g2_to_g1,0.7705935835838318
SNCB,SNCG,52.1448,-0.5669729001820087,g2_to_g1,0.05959682539105415
RGS2,RGS17,25.65335,1.1693256795406342,g2_to_g1,-0.41838499903678894
EEF2,EFTUD2,37.1935,0.35654008388519287,g2_to_g1,-1.0865460634231567
GSTA4,GSTA3,53.1532,-3.692776381969452,g2_to_g1,3.1750905513763428
GSTA4,HPGDS,21.4417,0.0,g1_to_g2,-0.1273670345544815
GSTA4,GSTP1,29.1892,-1.02185620367527,g1_to_g2,0.12800206243991852
GSTA4,GSTA5,53.1532,,g1_to_g2,
GSTA4,GSTM4,24.0929,-2.8333226144313812,g1_to_g2,0.28285345435142517
GSTA4,GSTM3,22.81985,-1.1307518482208252,g1_to_g2,0.4786182641983032
GSTA4,GSTM1,23.18375,0.0,g1_to_g2,-0.07372097671031952
GSTA4,GSTA1,53.6036,0.0,g1_to_g2,-0.1273057758808136
GSTA4,GSTA2,54.0541,,g1_to_g2,
GSTA4,GSTM2,24.0929,0.7376079261302948,g1_to_g2,-0.34823858737945557
GSTA4,GSTM5,21.3654,,g1_to_g2,
RGL1,RALGDS,44.92825,0.10204882174730301,g2_to_g1,0.1063227728009224
ZNF292,RLF,26.64675,-1.7215348482131958,g2_to_g1,0.3653937578201294
ADAM10,ADAM19,21.1081,-0.12461894750595093,g2_to_g1,-0.5694118142127991
FERMT2,FERMT1,63.228,1.4297857284545898,g2_to_g1,0.1644521951675415
ADAM10,ADAM12,21.23365,-0.7878928482532501,g2_to_g1,0.6942734122276306
RGS2,RGS19,28.0429,0.4265327453613281,g2_to_g1,0.1846514344215393
CNTNAP2,CNTNAP5,50.04205,-2.0942754447460175,g1_to_g2,0.42615756392478943
CNTNAP2,NRXN1,21.577,-1.4682185649871826,g1_to_g2,-0.5625841617584229
CNTNAP2,CNTNAP1,42.29975,-0.3981621563434601,g1_to_g2,0.8347944021224976
CNTNAP2,CNTNAP3,45.8314,-2.682149291038513,g1_to_g2,0.588981032371521
CNTNAP2,NRXN2,21.6339,1.9969978630542755,g1_to_g2,-0.48592427372932434
DYNC1H1,DNAH7,21.3556,-0.17158044129610062,g2_to_g1,0.2659629285335541
HSPA5,HSPA4L,25.849,0.22710153320804238,g1_to_g2,0.003315375652164221
HSPA5,HSPA9,48.62925,-1.658243976533413,g1_to_g2,-0.10383347421884537
HSPA9,HSPA5,48.62925,0.08002707362174988,g2_to_g1,0.34423643350601196
HSPA5,HSPA1L,62.24565,-1.9488434195518494,g1_to_g2,0.7376430630683899
HSPA5,HSPA6,60.1431,0.0,g1_to_g2,-0.37414512038230896
HSPA5,HSPA1B,61.62785,1.8216523379087448,g1_to_g2,-0.2023746222257614
HSPA5,HSPA1A,61.62785,-1.5356687903404236,g1_to_g2,-0.6775074601173401
HSPA5,HYOU1,22.77045,-0.7795946449041367,g1_to_g2,1.0108073949813843
HYOU1,HSPA5,22.77045,0.3514993190765381,g2_to_g1,0.34423643350601196
HSPA5,HSPA4,28.4191,-1.168050728738308,g1_to_g2,1.1043267250061035
HSPA5,HSPA8,64.00245,0.04724256694316864,g1_to_g2,0.037341125309467316
HSPA5,HSPA2,62.65345,2.5593611896038055,g1_to_g2,-0.4409589469432831
TAF1,TAF1L,90.9041,0.0,g2_to_g1,-0.4307447671890259
PCDH1,PCDH11X,34.8154,-1.3205001801252365,g2_to_g1,1.1944983005523682
DYNC1H1,DYNC2H1,27.4939,-0.6640404015779495,g1_to_g2,0.15366019308567047
DYNC1H1,DNAH5,20.971,2.0546416640281677,g1_to_g2,-0.5186248421669006
DYNC1H1,DNAH17,22.0775,-0.18288552947342396,g1_to_g2,0.2081691175699234
DYNC1H1,DNAH1,21.7208,0.30524080991744995,g1_to_g2,0.32314956188201904
DYNC1H1,DNAH10,22.22065,2.9273794889450073,g1_to_g2,-1.0024967193603516
DYNC1H1,DNAH12,20.8155,-1.7454333305358887,g1_to_g2,0.911379337310791
DYNC1H1,DNAH8,20.4649,0.0,g1_to_g2,-0.1653631627559662
DYNC1H1,DNAH3,20.6962,0.0,g1_to_g2,-0.3727610111236572
DYNC1H1,DNAH11,21.87735,0.0,g1_to_g2,-0.35070258378982544
DYNC1H1,DNAH2,21.87985,1.7160712853074074,g1_to_g2,-0.10786239057779312
PSAP,PSAPL1,43.25395,0.0,g1_to_g2,-0.49873241782188416
PSAP,SFTPB,22.66535,0.0,g1_to_g2,-0.16631761193275452
CDC42EP3,CDC42EP1,21.1073,-0.6024962365627289,g2_to_g1,0.862866222858429
HNRNPA2B1,MSI2,27.51415,-2.117273412644863,g2_to_g1,0.031197868287563324
VCP,NVL,34.68845,1.3570111691951752,g1_to_g2,-1.0188267230987549
VCP,PEX6,23.6285,-0.41562115401029587,g1_to_g2,0.4477613568305969
REEP2,REEP5,23.5314,-1.4601184129714966,g2_to_g1,0.962360680103302
KIF1B,KIF16B,23.7758,0.34781230986118317,g2_to_g1,0.22644339501857758
DNAJC6,GAK,39.1028,-0.24105369299650192,g1_to_g2,0.036784954369068146
OSBPL6,OSBP2,26.5971,3.5147613286972046,g1_to_g2,-0.7117592096328735
OSBPL6,OSBPL7,49.68285,-4.46701979637146,g1_to_g2,-0.16552186012268066
RGL1,RGL4,24.4262,-0.6673457995057106,g2_to_g1,-0.07385661453008652
EWSR1,FUS,50.184,0.610881894826889,g1_to_g2,0.11958041787147522
EWSR1,TAF15,39.8484,1.52333402633667,g1_to_g2,-0.7203194499015808
HNRNPA2B1,DAZAP1,23.9835,-0.6960304379463196,g2_to_g1,0.16640979051589966
SPG7,YME1L1,26.81055,-0.4452665150165558,g1_to_g2,0.5932530164718628
HSPA9,HSPA2,49.6664,0.2290908396244049,g2_to_g1,-0.4409589469432831
HYOU1,HSPA2,24.3765,0.9313601553440094,g2_to_g1,-0.4409589469432831
CYB561,CYBRD1,36.28075,0.0,g1_to_g2,-0.20177073776721954
CYB561,CYB561A3,39.364,1.20943683385849,g1_to_g2,-0.5982913374900818
MTA1,MTA2,60.95255,1.9327706545591354,g1_to_g2,-0.0842696875333786
MTA1,MTA3,64.41595,0.13693882524967194,g1_to_g2,-0.32512614130973816
ATP1A3,ATP2C2,26.9841,-1.2227253317832947,g2_to_g1,0.27320539951324463
HSPA9,HSPA4L,23.3157,0.7979901568032801,g1_to_g2,0.003315375652164221
HSPA9,HSPA1L,49.28325,-2.0191094279289246,g1_to_g2,0.7376430630683899
HSPA9,HSPA6,49.50725,0.0,g1_to_g2,-0.37414512038230896
HSPA9,HSPA1B,49.73815,0.44843102991580963,g1_to_g2,-0.2023746222257614
HSPA9,HSPA1A,49.73815,1.0485121011734009,g1_to_g2,-0.6775074601173401
HSPA9,HSPA4,22.50425,0.3348102569580078,g1_to_g2,1.1043267250061035
HSPA9,HSPA8,51.05055,-1.0967624261975288,g1_to_g2,0.037341125309467316
CELF1,CELF2,77.105,0.49661940336227417,g2_to_g1,-1.070159673690796
SNCB,SNCA,64.99465,-0.3149808645248413,g1_to_g2,-0.19283336400985718
ATXN7,ATXN7L1,38.0039,-1.6519851107150316,g1_to_g2,-0.013973889872431755
ATXN7,ATXN7L2,27.2878,1.3041234612464905,g1_to_g2,0.5856407284736633
CASP3,CASP7,50.4462,0.0,g2_to_g1,-0.45789769291877747
TRPM7,TRPM8,20.4042,1.477167621254921,g2_to_g1,-0.17599917948246002
EIF4G1,EIF4G3,46.92145,0.19356408715248108,g1_to_g2,0.16541394591331482
EIF4G1,EIF4G2,22.6358,-2.079266130924225,g1_to_g2,0.8804304003715515
CDC42EP3,CDC42EP4,21.2499,0.5192202925682068,g1_to_g2,-0.6622170209884644
CDC42EP3,CDC42EP5,25.13035,0.0,g1_to_g2,-0.354120135307312
CDC42EP3,CDC42EP2,41.7548,-2.585167169570923,g1_to_g2,1.014501690864563
CTSD,PGC,38.53465,0.0,g2_to_g1,-0.12598226964473724
RGL1,RGL3,38.6251,0.0,g2_to_g1,-0.32684072852134705
HYOU1,HSPA1L,24.3301,-0.2838517129421234,g2_to_g1,0.7376430630683899
HYOU1,HSPA1A,24.8423,0.44506441056728363,g2_to_g1,-0.6775074601173401
ELMO1,ELMO3,51.9708,0.6229056119918823,g2_to_g1,0.6918882131576538
PPP2R2B,PPP2R2A,84.7208,1.2532837018370628,g1_to_g2,-1.1960409879684448
OPTN,IKBKG,25.13035,-1.0381917357444763,g1_to_g2,-0.4051662087440491
ELMO1,ELMO2,75.60645,0.05387920141220093,g2_to_g1,-0.16887526214122772
DAP,DAPL1,32.5545,-2.3471221327781677,g2_to_g1,1.7929763793945312
NTRK2,MUSK,26.13635,0.0,g2_to_g1,-0.07372097671031952
NTRK2,NTRK3,53.42875,1.648967381566763,g1_to_g2,0.03245401754975319
NTRK2,NTRK1,49.11445,0.14105094224214554,g1_to_g2,-0.24326904118061066
NTRK2,DDR2,20.43915,-0.4389248639345169,g1_to_g2,0.37488114833831787
CASP3,CASP2,21.54325,0.19767961651086807,g2_to_g1,-0.13228335976600647
XIAP,BIRC3,36.677,0.0,g1_to_g2,-0.2150869071483612
XIAP,BIRC2,35.9389,1.6389125101268291,g1_to_g2,-0.04612166807055473
RGS2,RGS5,41.0568,-0.8719162344932556,g2_to_g1,0.4845335781574249
ATP1A3,ATP2C1,27.39405,0.5099494308233261,g2_to_g1,-0.5748355388641357
CASP3,CASP6,36.87115,-0.4577832370996475,g2_to_g1,0.3777526617050171
FRMD4A,RDX,20.35075,2.820067048072815,g1_to_g2,0.7181240320205688
RGS2,RGS18,36.42835,0.0,g2_to_g1,-0.07372097671031952
CTSD,REN,39.12195,0.0,g1_to_g2,-0.10296961665153503
CTSD,PGA4,43.5392,0.0,g1_to_g2,-0.10150336474180222
CTSD,PGA5,43.5392,0.0,g1_to_g2,-0.09564314782619476
CTSD,PGA3,43.5392,0.0,g1_to_g2,-0.6063101887702942
CTSD,NAPSA,44.71565,-1.384734958410263,g1_to_g2,0.12592193484306335
CTSD,CTSE,44.5719,0.0,g1_to_g2,-0.17832042276859283
CTSD,BACE1,23.88525,-0.979092925786972,g1_to_g2,0.44769713282585144
RGS2,RGS21,44.70725,7.106167703866959,g2_to_g1,-0.14823904633522034
RGS2,RGS1,34.2865,0.0,g2_to_g1,-0.10315483808517456
PLD3,PLD5,32.0332,-1.382140725851059,g2_to_g1,0.29904744029045105
WDR45,WDR45B,48.03615,1.6628618836402893,g2_to_g1,-1.3226416110992432
DMXL1,DMXL2,55.35555,0.4994232505559921,g1_to_g2,0.10188271105289459
TRIM26,TRIML2,20.3037,0.0,g2_to_g1,-0.4151046574115753
ATP1A3,ATP1A1,86.15135,1.5664231777191162,g2_to_g1,-0.6077501177787781
REEP2,REEP4,52.8394,1.4001880586147308,g1_to_g2,-0.36654719710350037
REEP2,REEP1,53.32565,3.10782653093338,g1_to_g2,-0.8419185280799866
REEP2,REEP6,20.14935,-2.1326799988746643,g1_to_g2,0.7068580985069275
HYOU1,HSPA4,26.4073,-1.4376234114170074,g2_to_g1,1.1043267250061035
HNRNPA2B1,HNRNPA1,60.7038,-0.311728298664093,g2_to_g1,0.9308539628982544
ST6GAL1,ST6GAL2,35.045,-3.1400392055511475,g1_to_g2,0.5934457778930664
FAM171A2,FAM171B,27.4818,-0.47639669477939606,g1_to_g2,-0.2383003681898117
AP2A2,AP1G1,24.86845,-0.6235294416546822,g2_to_g1,0.535061240196228
RGL1,RGL2,30.5512,-0.9789184629917145,g2_to_g1,0.3563038408756256
GSR,DLD,28.71455,-0.34161949157714844,g2_to_g1,0.6492984294891357
WDR45,WIPI2,24.155,-0.008484125137329102,g1_to_g2,0.3534463942050934
RGS2,RGS3,24.338635,-1.3974093198776245,g2_to_g1,0.33952760696411133
ATXN1,ATXN1L,27.72115,1.0054623037576675,g1_to_g2,-1.1333564519882202
TRIM26,RNF39,20.8981,-2.9246429204940796,g2_to_g1,0.8427838087081909
ATP1A3,ATP2B3,26.65085,-0.14896177500486374,g2_to_g1,0.0699358657002449
THAP1,THAP8,20.8612,0.06237080693244934,g2_to_g1,-0.43583306670188904
PGBD1,ZSCAN23,22.8407,1.1981254816055298,g1_to_g2,-0.6980656981468201
PGBD1,ZSCAN16,23.836,0.39686256647109985,g1_to_g2,0.3678756356239319
PGBD1,ZKSCAN1,21.83915,0.5088451206684113,g1_to_g2,-0.19347965717315674
PGBD1,ZKSCAN4,22.418,-0.42201797664165497,g1_to_g2,-0.12946011126041412
PGBD1,ZSCAN9,20.0031,0.4583831876516342,g1_to_g2,-0.2858905494213104
PGBD1,ZNF165,20.7771,-1.7334617376327515,g1_to_g2,0.43282389640808105
PGBD1,ZKSCAN3,22.59225,1.2437017858028412,g1_to_g2,-0.4752993881702423
HNRNPA2B1,HNRNPAB,32.39805,0.09590315818786621,g2_to_g1,1.0955828428268433
CEP63,DEUP1,29.0881,-2.1293682157993317,g2_to_g1,1.9245686531066895
KIF1B,KIF13B,29.21495,1.3188486471772194,g2_to_g1,-0.08077958971261978
CASP3,CASP4,24.42425,0.0,g2_to_g1,-0.14848442375659943
CASP3,CASP5,21.88275,,g2_to_g1,
PVR,NECTIN2,41.92965,-2.681515693664551,g2_to_g1,0.5694983005523682
FERMT2,FERMT3,53.6199,-1.2597598433494568,g1_to_g2,0.03883892297744751
ADAM10,ADAM17,23.33695,-0.8395047932863235,g1_to_g2,0.07875926792621613
ADAM10,ADAM28,20.4923,-0.6562939584255219,g1_to_g2,-0.03434416651725769
ADAM10,ADAM9,20.97475,-1.6929773092269897,g1_to_g2,0.6235555410385132
PCDH1,PCDH7,50.6447,1.2145082205533981,g2_to_g1,0.21878381073474884
IGF1R,INSRR,54.9178,0.0,g1_to_g2,-0.24496732652187347
FGD4,FGD1,39.63065,1.5479027032852173,g2_to_g1,-0.18265843391418457
ZNF592,ZNF687,31.7937,-1.3215118646621704,g1_to_g2,0.6115896701812744
DNM2,DNM1,78.8937,1.5742363184690475,g2_to_g1,0.19100995361804962
CASP3,CASP10,23.20845,-0.7337153106927872,g1_to_g2,0.1435508280992508
CASP3,CASP1,23.73285,0.0,g1_to_g2,-0.07372097671031952
CASP3,CASP9,27.6642,-0.23379182815551758,g1_to_g2,1.2610632181167603
CASP3,CASP8,29.05875,-1.734588861465454,g1_to_g2,0.6751329898834229
PARP1,PARP3,25.1888,-0.42073389142751694,g2_to_g1,0.06549733132123947
PRRC2C,PRRC2B,30.1208,-1.6267827153205872,g2_to_g1,1.0034047365188599
SLC4A1AP,PPP1R8,20.7737,0.1278458535671234,g2_to_g1,0.482099324464798
ATP1A3,ATP2A2,29.30025,-0.22768419981002808,g2_to_g1,0.9177501201629639
PMPCA,PMPCB,30.61055,1.7703995108604431,g1_to_g2,-0.9821186065673828
PMPCA,UQCRC1,28.11605,1.7451465129852295,g1_to_g2,-0.7488422989845276
PRKAG2,PRKAG1,56.86555,1.8716649413108826,g2_to_g1,-1.103148341178894
RAB7A,RAB44,20.917255,0.0,g2_to_g1,-0.10444782674312592
RAB10,RAB44,20.92801,0.0,g2_to_g1,-0.10444782674312592
TRPM7,TRPM4,23.59455,1.6158169507980347,g1_to_g2,-0.596839189529419
TRPM7,TRPM6,53.03225,0.0,g1_to_g2,-0.5712442398071289
TRPM7,TRPM3,43.7668,1.2281536608934402,g1_to_g2,-0.10456164181232452
TRPM7,TRPM5,21.8249,0.0,g1_to_g2,-0.1477304995059967
TRPM7,TRPM1,42.09015,-3.1009523272514343,g1_to_g2,2.9596753120422363
HNRNPA2B1,HNRNPD,31.04705,-0.2265033721923828,g2_to_g1,-0.548487663269043
PFN1,PFN2,61.4286,-0.8938158452510834,g1_to_g2,0.5861935019493103
HNRNPA2B1,HNRNPDL,27.09885,-1.5137785971164703,g2_to_g1,1.0248188972473145
GSR,TXNRD3,30.89115,-0.5853068679571152,g2_to_g1,0.18726782500743866
KIF1B,KIF1C,42.2611,3.6483666002750397,g2_to_g1,-0.1730147898197174
HYOU1,HSPA4L,25.65685,-0.06323140999302268,g2_to_g1,0.003315375652164221
HYOU1,HSPA6,25.05085,0.0,g2_to_g1,-0.37414512038230896
EEF2,GFM1,22.099,0.020431220531463623,g1_to_g2,0.46310392022132874
EEF2,EFL1,33.5512,-0.5439743846654892,g1_to_g2,0.04111205041408539
EEF2,GFM2,20.69575,-0.1926877498626709,g1_to_g2,0.7086008191108704
FGD4,FGD2,42.673,-1.9821380972862244,g1_to_g2,1.5506685972213745
HNRNPA2B1,CIRBP,20.15855,-1.3913142681121826,g2_to_g1,-0.6227805614471436
BAX,BCL2A1,22.9375,0.0,g2_to_g1,-0.16332340240478516
RHOT1,RHOT2,57.8513,0.3787327706813812,g2_to_g1,-0.42100638151168823
RIMBP2,TSPOAP1,29.5907,0.7308510094881058,g2_to_g1,0.08317600190639496
TARDBP,PABPC4,20.24265,-0.008419707417488098,g2_to_g1,-0.20150965452194214
CALB1,SCGN,36.52755,-0.17735642194747925,g2_to_g1,0.6324213147163391
KIF1B,KIF3C,20.65335,0.14108309149742126,g2_to_g1,0.3417476415634155
CELF1,CELF6,44.471,0.7083019018173218,g2_to_g1,1.3806880712509155
PVR,NECTIN4,21.7943,0.0,g2_to_g1,-0.1606823205947876
PRKAG2,PRKAG3,43.53815,,g1_to_g2,
HNRNPA2B1,HNRNPA3,69.7257,-0.1948244273662567,g1_to_g2,0.6781266331672668
HNRNPA2B1,RBMXL1,23.91045,-0.025473833084106445,g1_to_g2,-0.848154604434967
HNRNPA2B1,MSI1,28.1902,1.186030626296997,g1_to_g2,0.35811948776245117
HNRNPA2B1,HNRNPA0,47.20545,-0.9026091694831848,g1_to_g2,0.31531262397766113
TARDBP,PABPC1,20.3377,-1.591299057006836,g2_to_g1,0.507622241973877
GSR,TXNRD1,31.4545,-0.520881399512291,g2_to_g1,0.3420637547969818
HEXA,HEXB,54.7805,1.2900458574295044,g1_to_g2,-1.8372066020965576
PRRC2C,PRRC2A,29.35485,-1.2485151886940002,g2_to_g1,0.5995438098907471
WWOX,HSD17B7,22.46165,-1.0536708533763885,g1_to_g2,0.48681923747062683
AP2A2,AP2A1,82.26565,-0.7151482999324799,g1_to_g2,0.3024581968784332
DNM2,DNM1L,39.3775,-0.02566361427307129,g2_to_g1,0.5509562492370605
ATP1A3,ATP1A2,86.76935,0.0,g1_to_g2,-0.35945871472358704
ATP1A3,ATP1A4,77.18395,0.0,g1_to_g2,-0.1867685467004776
ATP1A3,ATP2B4,25.52945,-2.6943405866622925,g1_to_g2,1.589884877204895
ATP1A3,ATP2A3,29.22605,0.0,g1_to_g2,-0.33695197105407715
ATP1A3,ATP2B2,26.69595,-1.2458825707435608,g1_to_g2,0.9508883357048035
ATP1A3,ATP4A,63.9722,0.0,g1_to_g2,-0.3663075864315033
ATP1A3,ATP2B1,26.4702,-1.2209497094154358,g1_to_g2,0.7603124380111694
CALB1,CALB2,57.9152,0.8506553173065186,g2_to_g1,0.38443005084991455
CELF1,CELF3,44.0327,0.6449865996837616,g1_to_g2,-0.2609861195087433
MAPT,MAP2,21.93525,-0.3517834097146988,g1_to_g2,-0.2465457171201706
ARID1B,ARID1A,49.5771,-0.9635802954435349,g1_to_g2,0.1393197625875473
HYOU1,HSPA1B,24.8423,1.6018943041563034,g1_to_g2,-0.2023746222257614
HYOU1,HSPA8,25.7448,-0.4750952795147896,g1_to_g2,0.037341125309467316
PVR,NECTIN1,25.1274,-0.995339572429657,g2_to_g1,0.5861530303955078
DNM2,DNM3,80.20905,1.20598965883255,g1_to_g2,-0.40385758876800537
RHOT1,RHOC,20.431325,0.09352540969848633,g1_to_g2,0.5344062447547913
RHOT1,CDC42,24.64865,1.4247227311134338,g1_to_g2,-0.5652740597724915
THAP1,THAP3,25.7489,-0.857100622728467,g1_to_g2,-0.005675656720995903
RGS2,RGS20,26.2217,0.6505791395902634,g2_to_g1,-0.5085629224777222
KIF1B,KIF1A,70.81015,0.36196112632751465,g2_to_g1,0.8945708274841309
RGS2,RGS16,39.2438,0.05230291187763214,g2_to_g1,-0.18094943463802338
RGS2,RGS8,41.17955,0.1608806848526001,g2_to_g1,-0.7384624481201172
KIF1B,KIF14,20.5449,0.7505614385008812,g1_to_g2,-0.08992733806371689
RGS2,RGS13,35.8431,2.202566981315613,g2_to_g1,-0.9084053039550781
RGS2,RGS4,36.5461,0.5731032192707062,g1_to_g2,-0.9895874857902527
